startDATA metal1 71 71	
	 -0.3470930662 -0.3642027493 -0.3813124324 -0.3984221155 -0.4155317986 -0.4326414817 -0.4506028885 -0.4723279297 -0.4872538923 -0.5202620779 -0.5532702635 -0.5862784492 -0.6196222572 -0.651274572 -0.6829268867 -0.7145792015 -0.7462315163 -0.7778838311 -0.8095361459 -0.8338640763 -0.8645833818 -0.9026405458 -0.9370888119 -0.9712049937 -1.009135251 -1.047065509 -1.081504485 -1.093886043 -1.1062676 -1.118649158 -1.138194375 -1.161236463 -1.014693475e-10 -5.083826125e-11 -2.071751245e-13 5.0423911e-11 3.857608358e-11 4.147127212e-11 4.436646055e-11 1.16100628 1.138133756 1.115261233 1.097672333 1.078972752 1.05954142 1.040110087 1.013870226 0.9799740571 0.9460778887 0.9121817202 0.877619158 0.8400568808 0.8059056645 0.7717544481 0.7430339642 0.70828695 0.5889540782 0.572711843 0.5564696078 0.5402273725 0.5239851373 0.5077429021 0.4915006669 0.4752584317 0.4590161965 0.4427739612 0.426531726 0.4102894908 0.3940472556 0.3778050204 0.3615627851
	 -0.3363826857 -0.3534923688 -0.3706020519 -0.387711735 -0.4048214182 -0.4138763089 -0.4356013502 -0.4573263914 -0.4790514326 -0.5056051277 -0.5386133134 -0.571621499 -0.6046296847 -0.6376378703 -0.670646056 -0.7036542416 -0.7366624273 -0.7696706129 -0.8025303889 -0.8553738657 -0.853795416 -0.9100599966 -0.9492394405 -0.9884188844 -1.021708058 -1.059638315 -1.099705174 -1.133591057 -1.156633145 -1.179675233 -1.203680108 -1.228870383 -4.098630907e-11 -7.042538942e-12 -4.147350459e-12 -1.252161975e-12 1.643026522e-12 4.538215019e-12 8.615849462e-11 1.21264552 1.198230414 1.156845718 1.142789209 1.11630089 1.08981257 1.067799564 1.033313644 0.9988277236 0.9643418034 0.9243442608 0.8904480924 0.8536514447 0.8108156884 0.776664472 0.7243568763 0.6715672241 0.6419487214 0.5667389895 0.5485026772 0.5302663649 0.5120300526 0.4937937403 0.475557428 0.4573211156 0.4390848033 0.420848491 0.4026121787 0.3843758664 0.3661395541 0.3479032418 0.3296669295
	 -0.3256723053 -0.3427819884 -0.3598916715 -0.3770013546 -0.3941110377 -0.3988747706 -0.4205998118 -0.442324853 -0.4640498942 -0.4857749354 -0.5239563632 -0.5569645489 -0.5899727345 -0.6151879931 -0.6459544636 -0.6767209342 -0.7074874047 -0.7598124964 -0.8030498048 -0.8235342029 -0.8663070083 -0.9221171246 -0.9608542856 -0.9995914466 -1.038328608 -1.06965433 -1.144512676 -1.219371022 -1.23520751 -1.275092876 -1.314978242 -1.354863608 1.003071768e-10 1.032023653e-10 1.060975538e-10 1.089927423e-10 -9.161526198e-11 -1.171373338e-10 -1.426594056e-10 1.342881246 1.301358712 1.259836179 1.218313645 1.176791112 1.135268578 1.126893337 1.038574997 1.004089077 0.9696031563 0.9351172361 0.9006313159 0.8614312134 0.7988210849 0.7454783345 0.6868063626 0.6571878599 0.6275693573 0.5979508546 0.5683323519 0.5387138492 0.5090953465 0.4608454549 0.4426091426 0.4243728303 0.4061365179 0.3879002056 0.3696638933 0.351427581 0.3331912687 0.3149549564 0.3181476082
	 -0.3149619248 -0.3320716079 -0.349181291 -0.3662909741 -0.362148191 -0.3838732322 -0.4055982734 -0.4273233146 -0.4490483558 -0.4591001326 -0.473090876 -0.5235562753 -0.5543227458 -0.5850892163 -0.6158556869 -0.6466221574 -0.6727394861 -0.7159767945 -0.7592141029 -0.8024514112 -0.8344673454 -0.8772401508 -0.9904388332 -1.029175994 -1.052504381 -1.127362727 -1.202221073 -1.294915011 -1.362906738 -1.430898465 -1.498890192 -1.566881919 8.657933464e-11 6.105726288e-11 3.553519107e-11 1.001311923e-11 -1.550895256e-11 -8.305956578e-11 -7.925597313e-11 1.552666506 1.481096019 1.403103449 1.321304105 1.279781572 1.223760894 1.164075828 1.044567583 1.009897654 0.9857959668 0.909403716 0.8686827996 0.8102462932 0.7518097868 0.6889118246 0.6516415571 0.6284300901 0.605218623 0.5835714904 0.5539529877 0.524334485 0.4947159824 0.4650974797 0.435478977 0.4058604743 0.3762419716 0.358271559 0.3487111038 0.3391506486 0.3295901934 0.3200297382 0.310469283
	 -0.3042515443 -0.3213612275 -0.3384709106 -0.3254216114 -0.3471466526 -0.3652893189 -0.3792800624 -0.3932708058 -0.4072615493 -0.4212522927 -0.4352430362 -0.4492337796 -0.4632245231 -0.5549904396 -0.5424291674 -0.5856664758 -0.6289037842 -0.6721410926 -0.715378401 -0.7586157094 -0.8018530177 -0.845400488 -0.878809191 -1.03567747 -1.110714768 -0.9654248814 -1.264606169 -1.409898578 -1.555190987 -1.700483396 -1.845775805 -1.991068214 1.461175085e-10 4.252476373e-11 1.723910768e-11 3.742597007e-11 4.122956268e-11 -1.215237586e-10 -1.266435481e-10 1.896697913 1.794279954 1.691861996 1.589444037 1.487026079 1.372052051 1.137783637 0.9012185462 0.9692135962 0.9322075315 0.8737710251 0.8153345187 0.7568980122 0.6581100959 0.6352937753 0.6124774547 0.5896611341 0.5668448135 0.5374829422 0.5142714752 0.4910600081 0.4803366182 0.4507181155 0.4210996128 0.3914811101 0.3618626075 0.3505932338 0.3410327786 0.3314723233 0.3219118681 0.3123514129 0.3027909577
	 -0.2666421106 -0.2735705133 -0.2768814781 -0.2908722215 -0.304862965 -0.3188537084 -0.3328444519 -0.3468351953 -0.3608259388 -0.3748166822 -0.3888074257 -0.4027981692 -0.4167889126 -0.5159698833 -0.5314699132 -0.5236219972 -0.5610239923 -0.5984259873 -0.6358279824 -0.6732299774 -0.7106319725 -0.7480339675 -0.7604894308 -0.8501910486 -1.188300778 -0.7391304893 -1.009745185 -1.280359882 -1.550974578 -1.973600889 -2.38224623 -2.790891572 -0.03554049781 -0.03554049781 -0.05979172174 -0.0213023156 -0.0213023156 0.02299507729 0.02299507729 2.553770029 2.312295452 2.070820874 1.829346297 1.587871719 1.346397142 1.069375431 0.7924189554 0.5154624797 0.8216326063 0.8204227441 0.7619862377 0.7035497313 0.6044920466 0.581675726 0.5588594053 0.5360430847 0.5132267641 0.4904104435 0.4675941229 0.4465357944 0.4233243273 0.4001128602 0.3769013932 0.377101746 0.3474832433 0.3429149085 0.3333544533 0.2932531002 0.2778995923 0.2625460844 0.2471925765
	 -0.2156523208 -0.2231985345 -0.2307447482 -0.2325898669 -0.2465806104 -0.2605713538 -0.2745620973 -0.2885528407 -0.3025435842 -0.3165343276 -0.3305250711 -0.3445158145 -0.358506558 -0.4281534099 -0.4436534399 -0.4591534698 -0.4746534998 -0.5092718111 -0.5466738062 -0.5840758012 -0.5996528546 -0.6229706613 -0.6530429535 -0.6792992639 -0.8985588614 -0.865117531 -0.8316762006 -0.7982348703 -0.7647935399 -0.7953961548 -1.066010851 -1.336625547 -0.3717137451 -0.5721551636 -0.3111609818 -0.09032943983 0.05521042706 0.2212720898 0.3676553606 1.419974941 1.333971599 1.238401165 1.142830731 1.047260297 0.9516898625 0.8561194284 0.7605489943 0.3900209229 0.6826178289 0.640517851 0.572954147 0.5699824437 0.5461861026 0.5223897615 0.4985934204 0.4747970793 0.4510007382 0.427204397 0.4034080559 0.3796117148 0.3451054461 0.3396177519 0.3146680433 0.3230065011 0.3115291758 0.2912396869 0.275886179 0.2605326711 0.2169729739 0.2088986678 0.2008243617
	 -0.165280342 -0.1728265557 -0.1803727694 -0.1879189831 -0.1882982557 -0.2022889992 -0.2162797427 -0.2302704861 -0.2442612296 -0.258251973 -0.2722427165 -0.2862334599 -0.3248369066 -0.3403369366 -0.3558369665 -0.3713369965 -0.3868370264 -0.3988613097 -0.405127838 -0.4621340851 -0.4854518918 -0.5087696985 -0.4821511688 -0.5084074792 -0.6088169447 -0.5753756143 -0.5419342839 -0.5084929536 -0.4877900628 -0.4416829598 -0.3955758568 -0.3494687539 -0.5528467326 -0.451382028 -0.2733932501 -0.1278533832 0.01768648372 0.1632263506 0.3087662175 0.4543060844 0.6418100809 0.638110802 0.5425403679 0.4469699338 0.5803560326 0.5900067498 0.599657467 0.6093081843 0.5074207186 0.4971084688 0.486796219 0.4764839692 0.4479687643 0.4241724232 0.4003760821 0.376579741 0.3527833999 0.3289870588 0.3051907177 0.2879597736 0.2704910876 0.2859332261 0.272377481 0.2425678457 0.2340435725 0.2732677954 0.1239181675 0.1983473142 0.1902730081 0.182198702 0.1741243959
	 -0.1149083632 -0.1224545769 -0.1300007906 -0.1375470043 -0.145093218 -0.1440066446 -0.157997388 -0.1719881315 -0.185978875 -0.1999696184 -0.2139603619 -0.2279511053 -0.2370204333 -0.2525204632 -0.2680204932 -0.2774543598 -0.2837208881 -0.2899874165 -0.2962539448 -0.3025204731 -0.3087870014 -0.3150535297 -0.3112593841 -0.3691428328 -0.3693911083 -0.3324566262 -0.3013253686 -0.2892274788 -0.2771295891 -0.2650316993 -0.2529338096 -0.2408359198 -0.3787491529 -0.2776046548 -0.1764601568 -0.07531565868 0.0258288394 0.1269733375 0.2281178356 0.1600558516 0.3306382413 0.2970908308 0.3476862496 0.3557439632 0.3855341118 0.4153242604 0.445114409 0.3535198884 0.3539156993 0.3651731396 0.3548608898 0.34454864 0.3342363902 0.3239241404 0.3021587439 0.2783624027 0.2545660616 0.2482827872 0.2308141012 0.2197899684 0.2062342233 0.1926784781 0.2145516149 0.2169593653 0.1979393472 0.2030352375 0.07711742501 0.0852900468 0.09346266859 0.1016352904 0.1474244301
	 -0.08221808249 -0.07868883448 -0.07962881184 -0.08717502553 -0.09472123922 -0.08572428998 -0.09971503343 -0.1137057769 -0.1276965203 -0.1416872638 -0.1556780073 -0.13370393 -0.1492039599 -0.1560474099 -0.1623139382 -0.1685804666 -0.1748469949 -0.1811135232 -0.1873800515 -0.1990794999 -0.1990594143 -0.1923541437 -0.1898740121 -0.2033942838 -0.2299259264 -0.2113972527 -0.192868579 -0.1743399052 -0.1558112315 -0.1372825578 -0.1111717504 -0.08989675024 -0.2566935674 -0.1776235566 -0.09855354576 0.002619870067 0.01203174116 0.004347079454 0.05556182405 0.1067765687 0.1579913133 0.1722116326 0.1940307713 0.1957800856 0.2255702342 0.2177536475 0.2181494584 0.2185452693 0.2189410802 0.2193368911 0.219732702 0.2126133108 0.202301061 0.1919888112 0.1816765614 0.1801450645 0.1911371147 0.1736684287 0.1400909655 0.1265352204 0.129274143 0.1316818934 0.1340896439 0.1364973943 0.1277067893 0.02214406077 0.03031668256 0.03848930435 0.04666192614 0.05483454793 0.06300716972
	 -0.02990197005 -0.02637272203 -0.02284347402 -0.019314226 -0.01578497799 -0.05189547413 -0.04143267882 -0.05542342227 -0.06941416573 -0.08340490918 -0.03038742669 -0.03464046 -0.04090698832 -0.04717351664 -0.05717999648 -0.09038432691 -0.08844566027 -0.08596552863 -0.083485397 -0.08100526536 -0.07852513372 -0.07604500209 -0.07356487045 -0.08034868004 -0.07634869719 -0.07234871434 -0.06743229322 -0.06769019077 -0.06040245766 -0.05311472454 -0.04582699143 -0.03853925831 -0.01951681887 -0.05554496387 -0.04259050005 -0.02963603623 -0.0166815724 -0.003727108579 0.009227355244 0.02218181907 0.08217176443 0.133386509 0.09941378849 0.05481332879 0.08590686429 0.08277902841 0.08317483932 0.08357065023 0.08396646115 0.08436227206 0.08475808297 0.08515389388 0.0855497048 0.06005348197 0.06207296884 0.1339914422 0.07394770774 0.06039196262 0.04399667107 0.04640442152 0.04881217196 0.05121992241 0.05362767285 0.0560354233 0.05844317375 -0.02465668169 -0.0164840599 -0.007621388197 0.0004433894401 0.008508167077 0.01657294471
	 0.0224141424 0.02594339042 0.02947263843 0.03300188645 0.03653113446 0.04006038248 0.04358963049 0.04248852624 0.02464317887 0.01803197829 0.07428608575 0.01524329541 0.01755785779 0.01987242016 0.02218698253 0.02538334972 0.02786348136 0.030343613 0.03282374463 0.03530387627 0.0377840079 0.04026413954 0.04274427118 0.0426969237 0.04546410519 0.04127460007 0.03708509494 0.02923153663 0.02043853396 0.01164553129 0.002852528624 0.02842361078 0.03605307752 0.0229044596 0.01515672381 -0.01250498565 -0.009181643537 -0.005858301422 -0.002534959307 0.0007883828077 0.004111724923 -0.01990513569 -0.02905878274 -0.03939344812 -0.04446903709 -0.04419002585 -0.04391101461 -0.04363200337 -0.04335299212 -0.04307398088 -0.04279496964 -0.0425159584 -0.04223694716 0.003518478947 -0.03011166368 -0.02673629868 -0.04128080084 -0.03887305039 -0.03646529995 -0.0340575495 -0.03164979905 -0.02924204861 -0.03092884308 -0.02994534177 -0.02896184045 -0.07063188761 -0.06256710998 -0.05450233234 -0.0464375547 -0.03837277707 -0.03030799943
	 0.07473025485 0.07825950286 0.08178875088 0.08531799889 0.08884724691 0.09237649492 0.09590574294 0.09373280902 0.09743361452 0.1252332766 0.1470447128 0.1184154875 0.1224141615 0.1264128355 0.1304115095 0.1324462958 0.1359225136 0.1393987314 0.1428749492 0.1516455012 0.1541007168 0.1565559324 0.1466231075 0.1857730364 0.1675083087 0.149243581 0.1272096335 0.1184166308 0.1096236282 0.1008306255 0.08954834692 0.07830627654 0.1214217971 0.08378202024 0.06645243224 0.04912284424 0.03619917948 -0.005121147236 -0.04644147396 -0.08776180068 -0.1290821274 -0.1124795561 -0.1216332032 -0.1528733515 -0.1777951453 -0.1775161341 -0.1772371228 -0.1769581116 -0.1573774696 -0.1541131942 -0.1508489188 -0.1475846434 -0.144320368 -0.1410560926 -0.1570017097 -0.1822361987 -0.1636600551 -0.1450839116 -0.1190217778 -0.114517054 -0.1135335526 -0.1125500513 -0.11156655 -0.1105830487 -0.1095995474 -0.1086160461 -0.1094480541 -0.1013832765 -0.09331849885 -0.08525372121 -0.07718894358
	 0.1270463673 0.1305756153 0.1341048633 0.1376341113 0.134746489 0.1677851899 0.1175781686 0.1407801036 0.1716748243 0.1934862605 0.2152976967 0.2371091328 0.258920569 0.240743849 0.244742523 0.248741197 0.252739871 0.256738545 0.2574820492 0.260958267 0.2644344848 0.2756304636 0.268415541 0.3102767994 0.2960721868 0.2818675743 0.2676629617 0.2534583492 0.2392537366 0.218973897 0.2002809081 0.1046988239 0.3623651394 0.2416408181 0.05311149523 0.01376717459 -0.02557714605 -0.06492146668 -0.1042657873 -0.143610108 -0.1829544286 -0.2222987492 -0.2616430699 -0.2925435131 -0.3150091427 -0.3117448673 -0.308480592 -0.3052163166 -0.3019520412 -0.2986877658 -0.2954234904 -0.292159215 -0.2888949396 -0.2856306642 -0.2872000363 -0.2647208043 -0.2444041643 -0.2240875243 -0.2037708843 -0.1834542443 -0.1962380296 -0.1713855326 -0.1922042569 -0.1912207556 -0.1902372543 -0.189253753 -0.1563289983 -0.1482642206 -0.140199443 -0.1321346654 -0.1240698877
	 0.1833071889 0.182169932 0.1810326752 0.1844326628 0.1988046784 0.213176694 0.1866361819 0.2098381168 0.2330400517 0.2562419866 0.2794439215 0.3053621167 0.3271735529 0.348984989 0.3707964252 0.3630722105 0.3670708845 0.3710695585 0.3750682325 0.3790669065 0.3790415848 0.4171370387 0.4527128891 0.4882887396 0.52386459 0.4313094739 0.4171048613 0.4222355051 0.3918995527 0.3615636003 0.3125581829 0.267683667 0.4951242552 0.374399934 0.2239552417 0.1030983725 -0.01775849673 -0.1386153659 -0.2594722351 -0.2709127032 -0.349224646 -0.4275365889 -0.5058485318 -0.5759003415 -0.5579751182 -0.5128736558 -0.4558911557 -0.4524055533 -0.4489199508 -0.4454343483 -0.4419487459 -0.4384631434 -0.434977541 -0.3901031907 -0.3697865507 -0.3494699107 -0.3291532707 -0.3088366307 -0.2885199907 -0.2682033507 -0.2478867107 -0.2496496582 -0.2339893388 -0.2363078695 -0.2294324017 -0.2225569339 -0.2032099424 -0.1951451648 -0.1870803871 -0.1790156095 -0.1709508319
	 0.2273188613 0.2010801357 0.2154521513 0.2298241669 0.2441961825 0.2324922601 0.2556941951 0.27889613 0.3020980649 0.3252999998 0.3485019347 0.3717038696 0.3949058045 0.4172379729 0.4390494091 0.4608608452 0.4826722814 0.5044837175 0.4893992461 0.4933979201 0.4973965941 0.5926971066 0.6370102372 0.6495194772 0.6920614981 0.7346035189 0.8042578843 0.7363043777 0.367562423 0.4750844282 0.5826064335 0.5928609431 0.9967848881 0.517950884 0.3208382493 0.1081546078 -0.04956216983 -0.2072789474 -0.4146544165 -0.7243767666 -0.7690962754 -0.8138157842 -0.7915616271 -0.8529425824 -0.7685316595 -0.7234301971 -0.6783287347 -0.6332272723 -0.5988807579 -0.5953951554 -0.5919095529 -0.5884239505 -0.5405050758 -0.4748522971 -0.4545356571 -0.4342190171 -0.4139023771 -0.3935857371 -0.3732690971 -0.3529524571 -0.3326358171 -0.3123191771 -0.3280964594 -0.3053531416 -0.2826098238 -0.259866506 -0.2345984679 -0.2267616406 -0.2189248133 -0.211087986 -0.2032511587
	 0.2320996242 0.2464716398 0.2608436554 0.275215671 0.2783483384 0.3015502734 0.3247522083 0.3479541432 0.3711560781 0.394358013 0.4175599479 0.4407618828 0.4639638177 0.4871657526 0.5103676875 0.5291138291 0.5509252653 0.5698551211 0.5906684133 0.6114817055 0.7108714837 0.7668607257 0.7678147184 0.8179207039 0.8680266893 0.9181326748 0.9999373442 1.107459349 1.214981355 1.32250336 1.430025365 1.927238714 0.4192493896 0.343143293 0.3135809174 0.06360892673 -0.1029746803 -0.2606672147 -0.3215959514 -1.406877006 -1.451596515 -1.974037017 -1.621019986 -1.268002955 -0.9967145781 -0.9489207033 -0.9011268285 -0.8533329536 -0.7986823513 -0.7535808889 -0.7245359348 -0.6956423649 -0.5799180436 -0.5596014036 -0.5392847636 -0.5189681236 -0.5230108263 -0.4929113026 -0.4628117789 -0.4327122552 -0.4241236589 -0.3996621156 -0.3752005722 -0.3507390289 -0.3262774856 -0.3018159423 -0.2666957898 -0.2588589624 -0.2510221351 -0.2431853078 -0.2353484805
	 0.2715200796 0.2881172848 0.3047144901 0.3226958097 0.3439276425 0.3651594753 0.3863913082 0.407623141 0.4288549738 0.4500868067 0.4713186395 0.4925504723 0.5137823052 0.535014138 0.5562459708 0.5774778037 0.5987096365 0.6199414693 0.6411733022 0.7591014245 0.8159164343 0.8727314442 0.929546454 0.9536691917 1.034815499 1.115961806 1.268571523 1.482668344 1.696765165 1.910861986 2.202841071 2.43488831 -7.374127911e-06 -1.448975498e-05 -9.162639532e-06 1.434718394e-05 8.046455285e-06 4.691541655e-06 9.14616253e-06 -2.254160102 -2.083115028 -2.049908534 -1.722623399 -1.395338263 -1.168576015 -1.115628709 -1.062681402 -1.014171923 -0.933344838 -0.8645392865 -0.79136556 -0.79381013 -0.7027559348 -0.6758778544 -0.6395568351 -0.6094573113 -0.5793577876 -0.5492582639 -0.5191587402 -0.4941991309 -0.4697375876 -0.4452760443 -0.420814501 -0.3963529577 -0.3718914143 -0.347429871 -0.2988818145 -0.290773322 -0.2826648295 -0.274556337 -0.2664478445
	 0.2904034859 0.3070006911 0.3153350538 0.3427324489 0.3701298439 0.397527239 0.4249246341 0.4523220291 0.476608024 0.4978398568 0.5190716897 0.5403035225 0.5615353553 0.5827671882 0.603999021 0.6252308538 0.6464626867 0.7097369641 0.7530230551 0.796309146 0.8686244043 0.9254394141 0.982254424 1.039069434 1.095884444 1.277598394 1.340694406 1.403790419 1.466886431 1.432986752 1.647083573 1.847354924 -3.04497869e-05 -8.009371474e-06 2.154071515e-06 -1.182484592e-06 4.432613931e-06 1.004771245e-05 2.826737731e-05 -1.791078441 -1.65894967 -1.523674859 -1.391074634 -1.385423755 -1.333941938 -1.205653785 -1.122251351 -1.032065325 -0.9574594625 -0.9177621849 -0.8708395456 -0.8239169063 -0.7690022383 -0.7134922475 -0.6866141671 -0.6597360867 -0.6328580063 -0.6059799259 -0.567992036 -0.5398130597 -0.5153515163 -0.490889973 -0.4664284297 -0.4419668864 -0.4175053431 -0.3930437997 -0.3321044706 -0.3239959781 -0.3158874856 -0.3077789931 -0.2996705007
	 0.3092868921 0.3258840973 0.3366269113 0.3640243063 0.3914217014 0.4188190964 0.4462164915 0.4736138866 0.5010112816 0.5284086767 0.5558060717 0.5832034668 0.6106008618 0.6305202384 0.6517520712 0.6744408764 0.7177269674 0.7610130583 0.8042991493 0.8475852402 0.9213323743 0.9781473841 0.9902838907 1.029592006 1.068900121 1.179683621 1.238996814 1.298310007 1.3576232 1.416936393 1.368287936 1.399327846 2.206011365e-05 -6.442835135e-06 -2.51332465e-05 -3.038104071e-06 2.576994454e-06 8.192092979e-06 1.38071915e-05 -1.48833808 -1.391956373 -1.348716496 -1.30547662 -1.262236744 -1.218996867 -1.175756991 -1.128866068 -1.054260205 -0.9793737353 -0.932451096 -0.8726394244 -0.8349404862 -0.7972415481 -0.75954261 -0.7242285601 -0.6973504797 -0.6704723993 -0.6223498847 -0.596806762 -0.5712636394 -0.5457205167 -0.520177394 -0.4946342713 -0.4875808151 -0.4631192718 -0.4386577285 -0.4141961851 -0.3572186342 -0.3491101417 -0.3410016492 -0.3328931568
	 0.3761628257 0.421100412 0.356321158 0.38406797 0.4127135588 0.4401109539 0.4675083489 0.494905744 0.5223031391 0.5497005341 0.5770979292 0.6044953242 0.6318927193 0.6592901143 0.7115570938 0.7192437811 0.7565577089 0.777218717 0.8231954644 0.8691722118 0.9148766852 0.9556075763 0.9963384674 1.037069359 1.082268764 1.088517697 1.171403282 1.201879733 1.232356184 1.262832635 1.287423248 1.31986654 6.339707972e-05 2.508538183e-05 -8.416826468e-06 -2.696943471e-05 -4.552204296e-05 -4.756398258e-06 5.761444416e-06 -1.314108019 -1.277922695 -1.241737371 -1.205552047 -1.183214565 -1.14453172 -1.117384588 -1.090237456 -1.017658011 -0.9787031908 -0.9385776723 -0.9008787342 -0.8631797961 -0.8254808579 -0.7877819198 -0.7500829816 -0.7123840435 -0.7080867923 -0.6511646108 -0.6256214881 -0.6000783654 -0.5745352427 -0.54899212 -0.5225882008 -0.4960662771 -0.4695443533 -0.4430224296 -0.4165005059 -0.394956594 -0.3798596957 -0.3647627975 -0.3496658993
	 0.3710031542 0.4117199755 0.3740666477 0.4018134597 0.4295602717 0.4573070838 0.4850538958 0.5128007079 0.5405475199 0.5682943319 0.5983897866 0.6257871817 0.6531845767 0.6758894843 0.7057698304 0.7356501765 0.7615855095 0.7988994373 0.8362133651 0.8757387486 0.9150204828 0.954302217 0.993363059 1.03409395 1.060497197 1.0853291 1.110161004 1.134992908 1.147223844 1.179685813 1.212147783 1.244609752 4.431170859e-05 8.604992098e-06 4.687881653e-06 4.339840675e-06 3.991799709e-06 -2.264240938e-05 -4.048023395e-05 -1.219633854 -1.196625122 -1.173616389 -1.150607657 -1.127598925 -1.104590193 -1.08158146 -1.058572728 -1.007155725 -0.972461102 -0.937766479 -0.903071856 -0.8683772331 -0.8339798361 -0.7970590106 -0.7601381852 -0.7306902998 -0.7026817927 -0.6746732856 -0.6466647784 -0.6139031612 -0.5873812375 -0.5608593138 -0.5343373901 -0.5078154663 -0.4812935426 -0.4547716189 -0.4282496952 -0.4017277715 -0.394425845 -0.3793289467 -0.3642320485
	 0.3776605951 0.4023395391 0.4270184831 0.4195589494 0.4473057615 0.4750525735 0.5027993855 0.5305461976 0.5582930096 0.5860398216 0.6137866337 0.6206396611 0.6469914537 0.6733432464 0.6999825669 0.729862913 0.7666133101 0.8039272378 0.8370080299 0.8762897641 0.9155714983 0.9548532325 0.9620987347 1.010329638 1.039229792 1.059067224 1.09335102 1.114586165 1.135821309 1.157056454 1.178892443 1.200394935 -2.723394612e-06 5.73969079e-06 5.391649821e-06 5.04360885e-06 4.695567875e-06 -9.50345364e-06 -2.346582822e-05 -1.181600094 -1.166455456 -1.137149133 -1.114140401 -1.101627753 -1.083086894 -1.064546034 -1.046005174 -1.006949969 -0.9736622156 -0.9389675926 -0.9042729697 -0.8695783467 -0.838781651 -0.8053920672 -0.753061518 -0.7269521998 -0.7008428816 -0.6766995706 -0.6486910635 -0.6206825563 -0.5926740492 -0.572608503 -0.5460865793 -0.5195646556 -0.4930427319 -0.4665208082 -0.4399988844 -0.4134769607 -0.386955037 -0.3938950959 -0.3787981977
	 0.3682801586 0.3929591026 0.4176380466 0.4423169907 0.4650512512 0.4927980632 0.5205448752 0.5482916873 0.542609 0.5689607926 0.5953125852 0.6216643779 0.6480161705 0.6743679631 0.7007197558 0.7270715484 0.7539559957 0.8089550384 0.8375590454 0.8768407796 0.9161225138 0.9253677286 0.973598632 1.021829535 1.059714808 1.07955224 1.099389672 1.119227104 1.139064536 1.145830047 1.167065192 1.188300337 -2.350971071e-06 -2.930319502e-06 -3.509667946e-06 -4.089016383e-06 3.738488649e-06 3.390447681e-06 3.042406705e-06 -1.192403795 -1.16986138 -1.147318965 -1.12477655 -1.102234135 -1.078168983 -1.057533917 -1.044050127 -1.003249496 -0.9706736209 -0.9396849097 -0.9062953259 -0.8729057421 -0.8395161583 -0.8061265745 -0.7443105714 -0.7182012532 -0.692091935 -0.6659826168 -0.6398732986 -0.6137639804 -0.5876546622 -0.569705139 -0.5453150566 -0.5209249742 -0.4965348918 -0.4721448094 -0.447754727 -0.42522615 -0.3987042263 -0.3721823026 -0.3933643469
	 0.3588997221 0.3835786662 0.4082576102 0.4329365542 0.4576154982 0.4645783388 0.4909301314 0.5172819241 0.5436337167 0.5699855094 0.596337302 0.6226890946 0.6490408873 0.6753926799 0.7017444725 0.7280962652 0.7544480578 0.7744396478 0.8371554316 0.8456878078 0.8886367226 0.9368676259 0.9797169044 1.024692726 1.069668547 1.102129332 1.124215942 1.146302551 1.167526741 1.186475199 1.205423657 1.224372115 2.859188176e-06 2.279839736e-06 1.700491297e-06 1.121142863e-06 5.417944231e-07 -5.673102161e-06 -5.909248119e-06 -1.217351365 -1.198356032 -1.17894383 -1.158308764 -1.137673698 -1.117038632 -1.096403566 -1.056545296 -1.016210719 -0.9758761427 -0.935541566 -0.8952069893 -0.8675272976 -0.8402506656 -0.8068610818 -0.7355596248 -0.7094503066 -0.6833409884 -0.6627627101 -0.6383726278 -0.6139825454 -0.589592463 -0.5652023806 -0.529878758 -0.5026445996 -0.4754104411 -0.4481762827 -0.4209421243 -0.3937079658 -0.4377206006 -0.4162496028 -0.3236817452
	 0.3495192857 0.3741982297 0.3988771737 0.3877129886 0.4154449778 0.4431769671 0.4709089564 0.4986409456 0.5263729349 0.5541049242 0.5818369134 0.6095689027 0.637300892 0.6650328812 0.6810223069 0.7025770345 0.7241317621 0.7675277343 0.8558830581 0.8524642317 0.8894439167 0.9380965924 0.9830820174 1.028067442 1.073052868 1.094445687 1.160459035 1.208131548 1.244137491 1.280143433 1.301929245 1.332552778 -3.85222279e-06 -4.431571231e-06 -5.010919669e-06 -5.590268103e-06 6.170754407e-06 4.613919984e-06 3.05708555e-06 -1.333132203 -1.29624338 -1.259354557 -1.222465733 -1.189789175 -1.147268044 -1.106414779 -1.066165138 -1.025915497 -0.9856658563 -0.9454162156 -0.9051665749 -0.8658496495 -0.8248936885 -0.7821474557 -0.7190080334 -0.6923439184 -0.6656798033 -0.6435371581 -0.6163029996 -0.5890688412 -0.5618346828 -0.5346005243 -0.5073663659 -0.4801322075 -0.4528980491 -0.4256638906 -0.4509711968 -0.429500199 -0.4080292012 -0.3137177481 -0.3071779506
	 0.3401388492 0.3106490325 0.3383810218 0.366113011 0.3938450003 0.4215769896 0.4493089788 0.4770409681 0.5047729574 0.5325049466 0.5359699987 0.5631990008 0.5821778396 0.6011566785 0.6201355174 0.6391143563 0.6580931952 0.815752891 0.8032942878 0.8526451739 0.8984919544 0.946166531 0.9938411076 1.033096018 1.092830979 1.158844326 1.224857673 1.290871021 1.358249017 1.426071062 1.47824669 1.528082649 -8.386835514e-06 -1.032878393e-05 7.066785699e-06 5.50995127e-06 3.95311684e-06 2.396282412e-06 8.394479849e-07 -1.496652016 -1.446502995 -1.396353974 -1.346204953 -1.296055932 -1.229247906 -1.164533748 -1.076815876 -1.035859914 -0.9949039534 -0.9539479924 -0.8963676103 -0.8461958224 -0.7960240345 -0.7458522467 -0.7143474429 -0.6719993026 -0.6369693837 -0.6103052687 -0.5836411537 -0.5569770387 -0.5303129236 -0.5036488086 -0.4769846936 -0.5355070223 -0.4652834688 -0.441916621 -0.4185497732 -0.3951829254 -0.3718160776 -0.2948664673 -0.2875538843
	 0.2613170657 0.289049055 0.3218529643 0.3428340525 0.3638151408 0.384796229 0.4057773172 0.4267584054 0.4477394937 0.4687205819 0.4930587053 0.5120375442 0.531016383 0.5499952219 0.5689740608 0.5879528997 0.6984734323 0.7362413747 0.774009317 0.7887783931 0.8381292792 0.8874801653 1.002889145 1.050563722 1.159949377 1.227771422 1.295593467 1.292398126 1.448878239 1.605358352 1.761838464 1.918318577 -4.290442686e-06 -1.091160884e-05 -8.182034481e-07 -2.375037875e-06 -3.9318723e-06 1.667290199e-05 1.431166832e-05 -1.87501508 -1.728636777 -1.587242611 -1.473199248 -1.373342387 -1.273485526 -1.173628664 -1.073771803 -1.010587765 -0.9604159771 -0.9102441892 -0.8600724013 -0.8099006134 -0.7597288255 -0.7247330644 -0.6823849241 -0.6400367839 -0.5976886436 -0.5815948491 -0.554930734 -0.528266619 -0.4912023233 -0.5014331876 -0.4908037333 -0.4412039508 -0.417837103 -0.3944702552 -0.3711034074 -0.3477365596 -0.3243697117 -0.2690055189 -0.261692936
	 0.2336224593 0.2546035475 0.2755846357 0.296565724 0.3175468122 0.3385279004 0.3595089886 0.3804900769 0.4014711651 0.4229184098 0.4418972487 0.4608760876 0.4798549264 0.4988337653 0.5178126042 0.5811939736 0.618961916 0.6567298583 0.6944978006 0.732265743 0.7742624984 0.8236133844 0.8283983614 1.203742067 0.7766332064 1.12650121 1.476369213 1.61536092 1.771841033 1.928321145 2.208216965 2.398970443 -3.582993138e-06 -2.228630979e-06 -2.228630988e-06 -2.982745131e-06 3.405340723e-06 3.405340729e-06 3.894165444e-06 -2.287461951 -2.506715286 -2.134763196 -1.762811106 -1.390859016 -1.196742676 -0.9768317748 -1.001277452 -0.9522202651 -0.9031630778 -0.8541058906 -0.8050487033 -0.7723659824 -0.733537949 -0.6947099156 -0.6188416743 -0.5821653683 -0.5454890623 -0.5484727614 -0.5151028936 -0.4673593529 -0.4567298986 -0.4461004444 -0.4171244328 -0.393757585 -0.3703907372 -0.3470238894 -0.3236570416 -0.3002901938 -0.2769233459 -0.2431445706 -0.2358319876
	 0.2352087605 0.208335219 0.2293163072 0.2502973954 0.2712784836 0.2922595719 0.3132406601 0.3337992754 0.3527781143 0.3717569532 0.3907357921 0.409714631 0.4286934698 0.4476723087 0.4639145149 0.5016824573 0.5394503996 0.5772183419 0.5840612171 0.5916568648 0.6547718994 0.6888085561 0.7228452128 0.9349089969 0.9185129619 0.9021169269 0.8857208919 0.8693248569 0.9368204466 1.28668845 1.636556454 1.803804637 0.3007082205 0.1642967128 0.2001286398 0.1699097762 -0.1506775864 -0.2850841946 -0.4194908028 -1.778001542 -1.623965801 -1.469930061 -1.590793148 -1.218841058 -0.8468889683 -0.8069198962 -0.9389132964 -0.8898561091 -0.7716672348 -0.7328392014 -0.694011168 -0.6551831347 -0.6163551013 -0.5775270679 -0.5386990345 -0.513330217 -0.5390034639 -0.4332855182 -0.4226560639 -0.4120266097 -0.4013971555 -0.3930449148 -0.369678067 -0.3463112192 -0.3229443714 -0.2995775236 -0.2762106758 -0.2528438279 -0.2294769801 -0.2172836222 -0.2099710393
	 0.1682303543 0.1785988878 0.2276816221 0.2040290668 0.2250101551 0.2459912433 0.26365898 0.2826378188 0.3016166577 0.3205954966 0.3395743355 0.3585531744 0.3775320132 0.3466350562 0.3844029985 0.4221709409 0.4524902028 0.4600858505 0.4676814983 0.475277146 0.5492187508 0.5832554075 0.682471962 0.666075927 0.649679892 0.633283857 0.616887822 0.6003069941 0.5840378382 0.5677686823 0.5514995264 0.7226733964 0.4949286607 0.4118879736 0.172767845 0.03931608326 -0.09413567846 -0.2275874402 -0.3610392019 -0.4944909636 -0.932134633 -0.8247391908 -0.7173437486 -0.6099483065 -0.5025528643 -0.6969239956 -0.6811191833 -0.6462652015 -0.648316106 -0.6103768114 -0.5724375168 -0.5344982222 -0.4965589277 -0.4586196331 -0.4472666944 -0.3677381073 -0.3797236702 -0.3687800268 -0.3578363834 -0.34689274 -0.3359490966 -0.3250054531 -0.3222317012 -0.2988648534 -0.2754980056 -0.2521311578 -0.2287643099 -0.2053974621 -0.1987352569 -0.1914226739 -0.184110091
	 0.1130072192 0.1151295866 0.1172519539 0.1193743213 0.1787418265 0.1935186845 0.2124975234 0.2314763622 0.2504552011 0.26943404 0.2884128789 0.3073917178 0.2293555975 0.2671235398 0.3209191885 0.3285148363 0.336110484 0.3437061317 0.3513017794 0.3588974271 0.4184175389 0.4467264956 0.4172336167 0.4009644608 0.384695305 0.3948293389 0.3865873601 0.3783453813 0.3701034025 0.3618614237 0.3536194448 0.345377466 0.4599614009 0.2552283164 0.1713903867 0.08755245705 0.00371452739 -0.08012340228 -0.2586638128 -0.3921155745 -0.5255673362 -0.1473941844 -0.4063691936 -0.4461285923 -0.485887991 -0.5011263984 -0.4853215862 -0.4695167739 -0.4537119616 -0.4379071494 -0.3924716061 -0.3671736707 -0.379982457 -0.374511226 -0.3489527382 -0.2972874616 -0.2830409548 -0.2753990383 -0.2818848502 -0.2709412068 -0.2599975634 -0.24905392 -0.2381102766 -0.2271666331 -0.2162229897 -0.2046847919 -0.1813179441 -0.1579510963 -0.1728743085 -0.1655617256 -0.1582491426
	 0.08201358414 0.08411383922 0.08621409429 0.08831434937 0.09041460444 0.09251485952 0.1360211124 0.1527704101 0.1695197078 0.2182725834 0.2372514223 0.1817525265 0.1912349139 0.2031483667 0.2150618194 0.2269752722 0.2415510474 0.2452076785 0.2488643096 0.2525209406 0.2561775717 0.2599919241 0.2579570503 0.2803055104 0.2639791936 0.2476528768 0.2313265599 0.2150002431 0.1986739263 0.1810402837 0.1727983049 0.1645563261 0.3428429442 0.1895525798 0.09060673714 0.04165525832 -0.00729622049 -0.05624769931 -0.1051991781 -0.1541506569 -0.2064752965 -0.217024711 -0.2275741254 -0.2381235399 -0.305973464 -0.2999010909 -0.2938287178 -0.2877563447 -0.2816839716 -0.2756115985 -0.2695392254 -0.2510963117 -0.2454749502 -0.2166456025 -0.22254415 -0.2420899547 -0.2348119695 -0.1979308592 -0.1902889426 -0.1826470261 -0.1750051095 -0.167363193 -0.1597212765 -0.1520793599 -0.1444374434 -0.1293278131 -0.1183841697 -0.1105047305 -0.1470133602 -0.1397007772 -0.1323881943
	 0.05402411367 0.0560111399 0.05799816614 0.05998519237 0.0619722186 0.06395924484 0.06594627107 0.06793329731 0.09596945506 0.09542826696 0.09488707886 0.1231084287 0.05717967289 0.07375948879 0.1170301309 0.120686762 0.1243433931 0.1280000241 0.1328837989 0.1360057365 0.1391276742 0.138691128 0.1399381136 0.1379032399 0.1487223912 0.1323960744 0.1160697576 0.09974344076 0.08341712393 0.06709080711 0.03143639071 0.07376657046 0.09013277382 0.07779616219 0.02842017542 0.1086330573 0.06002932862 0.01142559993 -0.03717812876 -0.08578185745 -0.09798180721 -0.112311156 -0.1266405049 -0.1326291524 -0.1275716939 -0.1619229056 -0.1558505325 -0.1497781594 -0.1437057863 -0.1376334132 -0.1315610401 -0.1214402534 -0.1035203918 -0.1094189392 -0.1153174867 -0.1212160342 -0.1271145817 -0.1401802414 -0.1128207635 -0.1051788469 -0.0975369304 -0.08989501386 -0.08225309732 -0.07461118078 -0.06696926424 -0.0593273477 -0.05168543116 -0.06996614512 -0.07755417578 -0.09835829311 -0.0898751903
	 0.02024984443 0.02223687067 0.0242238969 0.02621092313 0.02819794937 0.0301849756 0.03217200183 -0.01631230514 -0.03619762279 -0.05608294044 0.01347187245 0.02099640113 0.02057298382 0.02014956651 0.03910251183 0.005354789831 0.008476727497 0.01159866516 0.01472060283 0.01784254049 0.02096447816 0.02408641582 0.01371810308 0.01555758646 0.01784942941 0.01581455564 0.0008129552545 -0.01551336157 0.007221651307 0.01304052346 0.01200954655 0.01097856964 -0.02023474674 0.009606337288 0.01050813152 0.01140992574 0.01231171997 0.03847272207 0.05627189654 -0.01969920037 -0.06830292907 -0.01454000409 -0.02501405234 -0.01995659378 -0.01489913522 -0.009841676655 -0.002501755277 -0.01063923011 -0.005542819741 -0.0004464093733 0.01825305257 0.0120004524 0.005747852236 -0.0005047479286 -0.006757348093 -0.01300994826 -0.01926254842 -0.02551514859 -0.03535258435 -0.02771066781 -0.02006875127 -0.01242683473 -0.004784918189 0.002856998351 0.01049891489 0.01814083143 -0.0005075206842 -0.008095551341 -0.015683582 -0.06149120739 -0.05300810458
	 -0.01352442481 -0.01153739857 -0.009550372338 -0.007563346104 -0.00557631987 -0.003589293636 -0.05780042099 -0.07768573864 -0.09757105629 -0.1174563739 -0.1373416916 -0.07308204078 -0.08548593377 -0.06683102555 -0.07399902528 -0.08116702502 -0.08833502475 -0.09550302448 -0.1026710242 -0.1003206555 -0.09719871787 -0.0940767802 -0.1130944052 -0.1112549218 -0.1094154385 -0.1058743507 -0.1012203339 -0.1290118574 -0.06307041558 -0.0592747795 -0.05547914341 -0.05168350733 -0.09667191193 -0.0771136181 -0.05755532426 -0.03799703042 -0.01843873658 0.001119557253 0.02067785109 0.04023614493 0.1268804189 0.1038528775 0.1017725324 0.1050957275 0.1084189227 0.1117421178 0.115065313 0.1183885082 0.1217117033 0.1325826212 0.1263300211 0.1200774209 0.1138248208 0.1075722206 0.1013196204 0.09506702026 0.08881442009 0.08256181993 0.06968257692 0.06657876859 0.06282619578 0.06504134441 0.07268326095 0.08032517749 0.07653913441 0.06895110376 0.0613630731 0.05377504244 0.04618701179 0.03859898113 -0.01614101886
	 -0.04729869404 -0.04531166781 -0.04332464158 -0.04133761534 -0.03935058911 -0.09928853684 -0.1191738545 -0.1390591721 -0.1589444898 -0.1788298074 -0.1987151251 -0.2186004427 -0.1915448514 -0.1799325627 -0.1871005624 -0.1942685621 -0.2014365619 -0.2086045616 -0.2157725613 -0.2229405611 -0.2301085608 -0.2372765605 -0.2328708651 -0.233605257 -0.2343396489 -0.2169807188 -0.1998047728 -0.1826288268 -0.1941036117 -0.1718531213 -0.1405978772 -0.1167800921 -0.3589335821 -0.1778219145 -0.1237934421 -0.06976496969 -0.01573649728 0.03829197513 0.09232044754 0.1515260349 0.2066253852 0.278331184 0.2467475766 0.2500707718 0.2533939669 0.2567171621 0.255739989 0.2654617985 0.2434641104 0.2645446924 0.2532831181 0.2420215437 0.2307599694 0.219498395 0.2082368207 0.1969752463 0.1857136719 0.1744520976 0.1603371255 0.1631992902 0.1601366368 0.1570739833 0.1543061142 0.146480919 0.1386557238 0.1308305286 0.1232336669 0.1156456362 0.1080576056 0.1004695749 0.09288154425
	 -0.08107296328 -0.07908593705 -0.07709891081 -0.120891335 -0.1407766527 -0.1606619703 -0.180547288 -0.2004326056 -0.2203179233 -0.2402032409 -0.2600885586 -0.2799738762 -0.3103642823 -0.2930340998 -0.3002020995 -0.3073700992 -0.314538099 -0.3217060987 -0.3288740984 -0.3360420982 -0.3749654142 -0.4038207887 -0.4326761633 -0.4154340394 -0.3982580934 -0.3810821474 -0.3639062014 -0.3467302554 -0.3295543095 -0.3015560624 -0.279305572 -0.2570550816 -0.4629691311 -0.3271856698 -0.1914022084 -0.05561874709 0.08016471425 0.1550365942 0.2497634708 0.2282034724 0.2833028227 0.3864799029 0.3760091911 0.4174433703 0.4271651798 0.4409850921 0.4560851702 0.4711852484 0.3854281687 0.3920482875 0.3807867131 0.3695251388 0.3582635644 0.3458245825 0.3314016006 0.3169786187 0.3025556368 0.2881326549 0.2419015183 0.1952415147 0.2308977977 0.2211563077 0.2176072249 0.2097820297 0.2019568345 0.1941316393 0.1863064441 0.1784812489 0.1706560537 0.1559256157 0.1315520748
	 -0.1148472325 -0.1128602063 -0.1623794509 -0.1822647685 -0.2021500862 -0.2220354038 -0.2419207215 -0.2618060391 -0.2816913568 -0.3015766744 -0.3214619921 -0.3536681805 -0.3753037563 -0.3969393322 -0.4110745836 -0.4242081029 -0.4276396361 -0.4348076358 -0.4630000943 -0.4886051875 -0.5157617515 -0.5429183156 -0.5700748797 -0.2690223172 -0.4692768664 -0.7755288827 -0.7298323823 -0.6841358819 -0.6384393815 -0.5927428811 -0.5565653745 -0.5134320331 -0.4691636999 -0.4084598347 -0.254665541 -0.1008712473 0.05292304636 0.2067173401 0.3605116337 0.4828999892 0.8245536122 0.7159075605 0.5998698542 0.6120776769 0.627177755 0.6422778332 0.6573779113 0.6724779895 0.527392227 0.528579139 0.5141561571 0.4997331752 0.4853101933 0.4891396413 0.4569578814 0.4247761214 0.3925943615 0.3604126015 0.3282308416 0.2853138227 0.3082922853 0.2887335308 0.2809083356 0.2730831404 0.2652579452 0.25743275 0.2496075548 0.240592183 0.2162186421 0.1918451012 0.1674715603
	 -0.1486215018 -0.2038675667 -0.2237528844 -0.243638202 -0.2635235197 -0.2834088373 -0.303294155 -0.3231794726 -0.3430647903 -0.3753365029 -0.3969720787 -0.4186076545 -0.4402432304 -0.4618788062 -0.4835143821 -0.5146613817 -0.5362377074 -0.5551531784 -0.5823097425 -0.6094663066 -0.6366228707 -0.6637794347 -0.6909359988 -0.5549829741 -0.7552375233 -0.9554920725 -1.155746622 -1.356001171 -1.55625572 -1.038957726 -0.9932612252 -0.9475647248 -0.5526584301 -0.4384366226 -0.1853495715 -0.1632708329 0.1358115659 0.2884940271 0.4411764883 1.60760547 1.493932912 1.371210932 1.255173225 1.139135519 1.023097813 0.9070601062 0.6008759367 0.776874609 0.7264306257 0.7041960044 0.6720142445 0.6398324845 0.6076507246 0.5754689646 0.5432872047 0.5111054447 0.4789236848 0.4467419248 0.4145601649 0.3753861308 0.3598598368 0.3520346416 0.3442094464 0.3363842512 0.328559056 0.3252587504 0.3008852095 0.2765116686 0.2521381277 0.2277645868 0.2033910458
	 -0.2453556826 -0.2652410002 -0.2851263179 -0.3050116355 -0.3248969532 -0.3447822708 -0.3646675885 -0.3970048252 -0.4186404011 -0.4402759769 -0.4404741748 -0.4642295395 -0.4921025614 -0.5126847134 -0.5332668654 -0.5568858965 -0.5948028422 -0.6466947863 -0.7082972238 -0.7369785026 -0.7656597814 -0.7943410602 -0.823022339 -0.7762363106 -0.9808245174 -1.185412724 -1.390000931 -1.594589138 -1.799177345 -2.003765551 -2.428538517 -2.736750337 4.066848375e-12 4.066848321e-12 1.390240675e-11 -5.426958015e-11 -1.128201476e-11 -7.11007479e-12 -7.110074682e-12 2.666528465 2.392885341 2.119242217 1.845599093 1.571955969 1.298312844 1.02466972 0.7510265961 0.9212378561 0.875750428 0.8302629998 0.7847755717 0.7392881436 0.6938007155 0.6617982879 0.6306200188 0.597240621 0.5638612232 0.5304818255 0.4971024277 0.4372116536 0.4231609475 0.4153357523 0.4342988586 0.4099253177 0.3855517768 0.3611782359 0.336804695 0.3124311541 0.2880576132 0.2636840723 0.2393105314
	 -0.3067291161 -0.3266144337 -0.3464997514 -0.366385069 -0.3862703867 -0.3858434301 -0.4064255822 -0.4270077342 -0.4475898862 -0.4681720383 -0.4887541903 -0.5093363424 -0.5299184944 -0.5505006464 -0.5710827985 -0.5916649505 -0.651548832 -0.6914644714 -0.7400219779 -0.7885794844 -0.8371369909 -0.8856944974 -0.9342520039 -1.125859861 -1.120415457 -1.227556026 -1.334696596 -1.441837165 -1.548977734 -1.656118304 -1.763258873 -1.870399443 7.774126156e-11 1.551839832e-10 3.1278138e-11 -1.183951178e-11 1.748611924e-11 -1.584387284e-10 -1.584387285e-10 1.863807211 1.759722167 1.655637123 1.551552079 1.447467035 1.364123407 1.23322702 1.081160587 0.9848340058 0.9393465777 0.8938591496 0.8483717215 0.8028842934 0.7573968653 0.7119094371 0.666422009 0.6603264102 0.626359134 0.6137861526 0.5155016566 0.517096161 0.5018907936 0.4945918851 0.4702183441 0.4458448032 0.4214712623 0.3970977214 0.3727241805 0.3483506396 0.3239770987 0.2996035578 0.2752300169
	 -0.3573036296 -0.3471198644 -0.367224038 -0.3873282116 -0.4074323851 -0.4275365587 -0.4442415152 -0.4648236672 -0.4854058193 -0.5059879713 -0.5265701234 -0.5471522754 -0.5677344274 -0.5883165795 -0.6088987315 -0.6294808835 -0.7082948219 -0.7462117676 -0.7847916631 -0.8333491696 -0.8819066761 -0.9778011668 -1.017641916 -1.057482665 -1.113557417 -1.177881502 -1.242205587 -1.306529672 -1.370853757 -1.435177843 -1.497883676 -1.556516456 1.025484547e-10 5.943080484e-11 1.631315512e-11 -2.680449463e-11 -6.992214438e-11 -1.175015846e-11 -3.35053961e-11 1.527127733 1.467130376 1.355450715 1.361612613 1.310232798 1.258852982 1.207473167 1.156093352 1.027030253 0.9815428245 0.9360553964 0.8905679683 0.8450805402 0.7995931121 0.7511721074 0.7275151968 0.6745229583 0.6347805641 0.6323668073 0.6062775019 0.5661323151 0.5315111372 0.5100757168 0.4886402963 0.4672048759 0.4573907479 0.433017207 0.4086436661 0.3842701252 0.3598965843 0.3355230434 0.3111495025
	 -0.325527536 -0.3519924011 -0.4044605 -0.4245646736 -0.4446688471 -0.4647730207 -0.4848771943 -0.5026396003 -0.5232217523 -0.5438039043 -0.5643860564 -0.5849682084 -0.6055503605 -0.6261325125 -0.6467146645 -0.6672968166 -0.6878789686 -0.8029577575 -0.8408747032 -0.8781188548 -0.9114031273 -0.9512438766 -0.9910846258 -1.032436561 -1.0675053 -1.101984235 -1.166308321 -1.230632406 -1.294956491 -1.291273839 -1.312520931 -1.333768023 1.62089025e-10 1.189713753e-10 7.585372548e-11 2.724032019e-12 -6.156669209e-11 -1.258574162e-10 -1.901481403e-10 1.325071423 1.298933756 1.272796089 1.246658422 1.225758203 1.174378388 1.122998572 1.071618757 1.030557612 0.9939056307 0.9499932724 0.9054346275 0.8621437761 0.8188529247 0.7755620732 0.7293952267 0.6896528325 0.6701717645 0.6440824591 0.6179931537 0.5919038483 0.5658145429 0.5312749037 0.5046523808 0.4968252195 0.4753897991 0.4539543787 0.4445631516 0.4201896107 0.3958160698 0.3714425289 0.347068988
	 -0.3279370542 -0.3544639166 -0.380990779 -0.4075176414 -0.4340445038 -0.4605713662 -0.4870982286 -0.513625091 -0.5401519534 -0.5666788158 -0.5928586696 -0.6183234735 -0.6433662935 -0.6639484455 -0.6845305976 -0.7051127496 -0.7256949016 -0.7462770537 -0.816488731 -0.8590659782 -0.8848458371 -0.9523953737 -0.9874641126 -1.022532852 -1.05760159 -1.092670329 -1.140275483 -1.161522575 -1.182769667 -1.204016759 -1.224602571 -1.240479598 2.198149232e-10 1.555241991e-10 9.12334749e-11 2.694275081e-11 -3.734797333e-11 -2.024387264e-10 -2.883521642e-10 1.24114977 1.215029328 1.188908886 1.162788444 1.136668001 1.112734753 1.082298255 1.049946969 1.021360625 0.9967723554 0.953481504 0.9101906526 0.8668998012 0.8236089497 0.784267495 0.7340660271 0.7079767217 0.6818874163 0.6557981109 0.6297088055 0.6036195001 0.5775301947 0.5514408893 0.5253515839 0.4992622785 0.4697949695 0.4431724466 0.4621393019 0.4407038814 0.419268461 0.4073620144 0.3829884735
	 -0.3959055462 -0.4230601881 -0.3810110634 -0.4075379258 -0.4340647882 -0.4605916506 -0.487118513 -0.5136453754 -0.5401722378 -0.5666991002 -0.5932259626 -0.619752825 -0.6462796874 -0.6728065498 -0.6993334122 -0.7258602746 -0.7504378449 -0.8170293076 -0.8512587735 -0.869975068 -0.9050438069 -0.9401125458 -0.9751812847 -1.010250024 -1.045318762 -1.065605257 -1.104385447 -1.114373249 -1.129084781 -1.152772432 -1.176460083 -1.200147734 1.448229985e-10 8.843991926e-11 3.205684001e-11 3.406556517e-11 -3.022515896e-11 -9.45158831e-11 -1.588066072e-10 1.199166866 1.173044346 1.146921827 1.124406002 1.101904024 1.078210072 1.05451612 1.030822168 1.007128216 0.9729563905 0.9443700469 0.9149466777 0.8716558262 0.8391397633 0.7718709843 0.7457816789 0.7196923735 0.6936030681 0.6675137627 0.6414244573 0.6153351519 0.5892458465 0.5631565412 0.5370672358 0.5109779304 0.484888625 0.4587993196 0.4327100142 0.4083150353 0.3816925124 0.4274533842 0.4060179638
	 -0.3723425586 -0.3994972006 -0.4266518425 -0.4538064845 -0.4340850727 -0.4606119351 -0.4871387975 -0.5136656599 -0.5401925223 -0.5667193847 -0.5932462471 -0.6197731095 -0.6462999719 -0.6728268343 -0.6993536967 -0.7720149646 -0.7955711927 -0.7953188979 -0.8340514363 -0.8863659549 -0.9044128076 -0.9302830506 -0.9653517895 -1.000420528 -1.033672392 -1.084203179 -1.100734314 -1.11726545 -1.133796586 -1.148439702 -1.16292423 -1.177408758 1.593731568e-10 1.029900775e-10 4.660699829e-11 -9.776080959e-12 -6.615916021e-11 -8.224727914e-11 -1.400955457e-10 1.18956497 1.165447607 1.141330245 1.117212882 1.093095519 1.068978156 1.046692208 1.022998257 0.9993043048 0.9756103529 0.9519164011 0.9078289972 0.8940120316 0.8096759415 0.7835866361 0.7574973307 0.7314080253 0.7053187199 0.6792294145 0.6531401092 0.6270508038 0.6009614984 0.574872193 0.5487828876 0.5226935822 0.4966042768 0.4705149714 0.444425666 0.4183363606 0.3922470552 0.3661577498 0.346835101
	 -0.348779571 -0.375934213 -0.403088855 -0.4302434969 -0.4573981389 -0.4845527808 -0.4871590819 -0.5136859443 -0.5402128067 -0.5667396691 -0.5932665315 -0.6197933939 -0.6463202563 -0.6728471187 -0.7207894992 -0.7443457273 -0.7679019554 -0.7906334321 -0.8293659705 -0.8680985089 -0.9068310473 -0.9518665752 -0.9667937074 -0.9960368174 -1.03657401 -1.088302632 -1.099503026 -1.125415882 -1.151328738 -1.177241595 -1.203154451 -1.229067308 1.980591565e-10 1.416760772e-10 8.529299795e-11 -3.526908989e-11 -8.479390085e-11 -1.343187119e-10 -1.83843523e-10 1.217820753 1.191430968 1.165041183 1.138651398 1.119376843 1.096342617 1.073308391 1.050274166 1.02723994 0.9747249614 0.9346579807 0.8873030616 0.8825100259 0.9022218516 0.7774449054 0.7513556 0.7252662946 0.6991769892 0.6730876838 0.6469983785 0.6209090731 0.5948197677 0.5687304623 0.5426411569 0.5165518515 0.4904625461 0.4643732407 0.4382839353 0.4121946299 0.3861053245 0.3600160191 0.3339267137
	 -0.3252165835 -0.3523712254 -0.3795258674 -0.4066805094 -0.4338351513 -0.4609897933 -0.4881444352 -0.5152990772 -0.5402330911 -0.5667599536 -0.593286816 -0.6198136784 -0.6460078057 -0.6695640338 -0.6931202619 -0.7166764901 -0.7402327182 -0.7637889463 -0.8246805047 -0.8634130431 -0.9021455815 -0.9308366547 -0.970527319 -1.074788489 -1.034627641 -1.085081756 -1.135535871 -1.210786379 -1.230214225 -1.24964207 -1.273673727 -1.297118522 2.093456971e-10 8.91439634e-11 3.961915239e-11 -9.905658609e-12 -5.943046966e-11 -1.089552807e-10 -1.657324638e-10 1.295537842 1.267881733 1.235316476 1.177369132 1.159368747 1.13395563 1.110921404 1.067719808 1.027652827 1.006342576 0.9482988114 0.8902550474 0.8589495519 0.8541628941 0.8220345827 0.7899062713 0.7069695258 0.6808802204 0.6547909151 0.6287016097 0.6026123043 0.5765229989 0.5504336935 0.5243443881 0.4982550827 0.4721657773 0.4460764719 0.4199871665 0.3938978611 0.3678085557 0.3417192503 0.324942856
	 -0.3016535959 -0.3288082379 -0.3559628798 -0.3831175218 -0.4102721638 -0.4374268057 -0.4645814477 -0.4917360896 -0.5188907316 -0.5460453735 -0.5712261121 -0.5947823403 -0.6183385684 -0.6418947965 -0.6654510247 -0.6890072528 -0.7125634809 -0.736119709 -0.8199950388 -0.8587275773 -0.8653432367 -0.9050339009 -0.9890894829 -1.059122782 -1.149030106 -1.163854426 -1.233451938 -1.282378616 -1.332832731 -1.383286847 -1.433740962 -1.378835115 7.537601904e-11 1.399756264e-10 9.045081538e-11 -7.159062836e-11 -7.547952464e-11 -7.936842095e-11 -8.325731732e-11 1.436845431 1.385459848 1.334356449 1.283253051 1.241903104 1.200931749 1.232298606 1.12538209 1.067338325 1.009294561 0.9512507972 0.8863359853 0.8423458341 0.8061039367 0.7739756252 0.7418473138 0.7097190024 0.677590691 0.6364941463 0.6104048409 0.5843155355 0.5582262301 0.5321369247 0.5060476193 0.4799583139 0.4538690085 0.4277797031 0.4016903977 0.3756010923 0.3495117869 0.3236039092 0.311311334
	 -0.2492388151 -0.3052452503 -0.3323998923 -0.3595545343 -0.3867091762 -0.4138638182 -0.4410184601 -0.4681731021 -0.495327744 -0.4958648215 -0.5216866341 -0.5475084467 -0.5733302593 -0.599152072 -0.6249738846 -0.6613380155 -0.6848942436 -0.7084504718 -0.815309573 -0.7998498187 -0.8395404829 -0.9033904772 -0.9951378565 -1.06746452 -1.139791184 -1.221013077 -1.290610588 -1.3602081 -1.429805612 -1.499403123 -1.575665976 -1.795145333 -2.70800663e-12 -2.048461607e-12 -5.937357892e-12 -9.826254227e-12 -1.371515053e-11 -1.760404688e-11 4.811511495e-11 1.636488936 1.654260777 1.549483231 1.444705685 1.339928139 1.342549391 1.200801283 1.137006768 1.073036239 1.005258407 0.9444061343 0.8682265684 0.7922475812 0.7594844827 0.7267213842 0.6939582857 0.6616600449 0.6295317335 0.5974034221 0.5652751106 0.5660187667 0.5399294613 0.5138401559 0.4877508505 0.4616615451 0.4355722397 0.4094829343 0.3833936289 0.3573043235 0.3222649624 0.2956086062 0.2704622776
	 -0.232795008 -0.2816822628 -0.3088369047 -0.3359915467 -0.3631461887 -0.3903008306 -0.4174554726 -0.401137454 -0.4269592666 -0.4527810792 -0.4786028919 -0.5044247045 -0.5302465171 -0.5560683297 -0.5818901424 -0.607711955 -0.6335337676 -0.5821468655 -0.7477480911 -0.7642038366 -0.8054677533 -0.9112789825 -0.9474311577 -1.000970958 -1.054510758 -1.108050559 -1.359688049 -1.435570958 -1.511453868 -1.580148088 -1.994016779 -2.642445471 4.942431983e-11 2.362458951e-11 2.362458962e-11 -1.947267453e-11 -6.016533788e-12 -6.016533775e-12 -3.741434007e-11 2.204378349 1.939080251 1.834302706 1.81263143 1.444396025 1.19703814 1.133067611 1.069097081 1.005126552 0.9411560224 0.9143285458 0.8076732634 0.7160913119 0.7093862297 0.6766231312 0.6438600327 0.6110969342 0.5783338357 0.5455707372 0.5172161532 0.4850878418 0.4529595303 0.4955433871 0.4694540817 0.4433647763 0.4172754709 0.3911861655 0.3650968601 0.3209260155 0.2480436396 0.2446450189 0.2512675946
	 -0.216351201 -0.2581192752 -0.2852739172 -0.3124285591 -0.3395832011 -0.3064100865 -0.3322318991 -0.3580537117 -0.3838755244 -0.409697337 -0.4355191496 -0.4613409622 -0.4871627749 -0.5129845875 -0.4945559071 -0.4968066511 -0.5053661217 -0.5139255923 -0.5224850628 -0.6853479642 -0.6994633976 -0.7544580094 -0.8077564509 -0.85829034 -0.9245341049 -1.005992642 -0.7767412426 -1.190609934 -1.642519971 -1.580553694 -1.635033106 -1.689512517 -0.2861383282 -0.4039898175 -0.2381984614 -0.1398986258 -0.06761395195 0.2937561799 0.1277510365 2.583721587 2.152541571 1.721361554 1.278835245 1.01290127 1.098004048 1.026654945 0.9583754742 0.8900960038 0.8218165333 0.7692380576 0.7073703703 0.6243007742 0.6068945773 0.5894883805 0.5720821837 0.5546759869 0.53726979 0.5198635932 0.4627093858 0.4299462873 0.3971831888 0.3727722615 0.34064395 0.4250680075 0.3989787021 0.3728893967 0.3468000914 0.2222263808 0.2327042936 0.2275784031 0.2224525126
	 -0.1999073939 -0.2085705779 -0.2617109296 -0.211682719 -0.2375045316 -0.2633263442 -0.2882574779 -0.310202613 -0.3321477481 -0.3540928832 -0.3756343855 -0.3856037647 -0.3955731439 -0.4055425231 -0.4155119024 -0.4254812816 -0.4354506608 -0.4662935614 -0.547441245 -0.5499663428 -0.5640817761 -0.5788998316 -0.6321982731 -0.6854967146 -0.7387951561 -0.7261978285 -0.8732726779 -0.8044418119 -0.7352084935 -0.5583720472 -0.6033812165 -0.6483903857 -1.110410258 -0.4232655888 -0.2393462561 -0.09633665867 0.07064402403 0.1660700263 0.4393389303 0.4393389303 1.287750815 0.8565707984 0.425390782 0.8781239603 0.858007015 0.8378900696 0.8177731243 0.7376537352 0.6693742647 0.6214149229 0.5991947814 0.5325102365 0.5151040397 0.4976978428 0.480291646 0.4628854492 0.4454792523 0.4280730555 0.4106668587 0.3932606618 0.375854465 0.3584482682 0.3410420714 0.2487956403 0.2283283697 0.354592628 0.2141409925 0.2090151021 0.2038892116 0.1987633211 0.1936374306
	 -0.1756756409 -0.1822857147 -0.1436249929 -0.165570128 -0.1875152631 -0.2094603982 -0.2567128638 -0.266682243 -0.2766516223 -0.2866210015 -0.2965903807 -0.3065597599 -0.3165291392 -0.3264985184 -0.3364678976 -0.3464372768 -0.3607207712 -0.3702893002 -0.4151676016 -0.4242352193 -0.4287001547 -0.4428155881 -0.4566400954 -0.5071344068 -0.5095504226 -0.5794007956 -0.5185920343 -0.457783273 -0.3969745117 -0.3361657504 -0.3483321012 -0.2965194566 -0.4104769894 -0.3313326943 -0.2521883992 -0.1558652524 -0.01285565494 0.03838387271 0.3057373662 0.4565284231 0.7509268241 0.07934177182 0.5978995781 0.589451668 0.5810037578 0.5978930367 0.5777760914 0.557659146 0.5375422007 0.4735917883 0.4910191924 0.4407196988 0.423313502 0.4059073051 0.3885011083 0.3684858913 0.3516506883 0.3348154853 0.3179802823 0.2985629485 0.2802618013 0.2619606541 0.243659507 0.2253583598 0.2640457827 0.2664998506 0.1412753572 0.1371661413 0.1382312431 0.1699482391 0.1648223487
	 -0.1446649378 -0.127821963 -0.1377913422 -0.1477607214 -0.1577301006 -0.1676994799 -0.1776688591 -0.1876382383 -0.1976076175 -0.2075769968 -0.217546376 -0.2275157552 -0.2374851344 -0.2474545137 -0.2455794519 -0.2551479809 -0.2647165099 -0.2738263405 -0.2828939582 -0.2919615759 -0.3010291936 -0.3074339667 -0.3131475892 -0.3137091754 -0.3220367514 -0.3025940927 -0.283151434 -0.2637087753 -0.2442661165 -0.2248234578 -0.2085200017 -0.1885995603 -0.3249356042 -0.2469356697 -0.1689357352 -0.09093580071 -0.01293586622 0.06506406827 0.1430640028 0.2502793601 0.2496101332 0.2840094332 0.3416266135 0.3390388551 0.3357446171 0.335417414 0.3350902109 0.3347630078 0.3344358047 0.3341086016 0.3170481011 0.3425992455 0.3242980983 0.3059969511 0.2876958039 0.2693946568 0.2510935096 0.2327923624 0.2144912152 0.1961900681 0.1778889209 0.1996802069 0.1974391011 0.1877386657 0.1901927336 0.1926468015 0.09878241433 0.1017516674 0.1047209206 0.1016450923 0.102710194
	 0.004203126223 -0.1244081733 -0.07541102652 -0.08321497668 -0.09101892683 -0.09882287699 -0.1066268271 -0.1144307773 -0.1222347275 -0.1300386776 -0.1378426278 -0.1484717505 -0.1304381326 -0.1527365149 -0.1601225834 -0.167508652 -0.1748947205 -0.1578613698 -0.1696301551 -0.1820047601 -0.1800946693 -0.1781845786 -0.1889670093 -0.2163763045 -0.1970538416 -0.1668445968 -0.1564999077 -0.1461552186 -0.1358105295 -0.1254658404 -0.09987538962 -0.07359103876 -0.0925916335 -0.09468797446 -0.1475422658 -0.09163726202 -0.03573225824 0.02017274554 0.07607774932 0.1319827531 0.1977410451 0.162535629 0.161556001 0.1641660922 0.1869830693 0.1866558662 0.1863286631 0.18600146 0.1878597301 0.1881753261 0.1884636078 0.1887518894 0.1890401711 0.2036240707 0.1853229235 0.1670217763 0.1487206292 0.130419482 0.12458764 0.1223465341 0.1201054283 0.1089774808 0.1114315487 0.1138856166 0.1163396845 0.1187937524 0.05628947144 0.05925872455 0.06222797766 0.06519723078 0.06816648389
	 0.04206517261 -0.06405359089 -0.05717184379 -0.0502900967 -0.01966149683 -0.02746544698 -0.03526939714 -0.04307334729 -0.05087729745 -0.0586812476 -0.06648519776 -0.07428914791 -0.07031506425 -0.06775888398 -0.06520270371 -0.06264652344 -0.07548360776 -0.06608605243 -0.06417596167 -0.06226587091 -0.06035578014 -0.05844568938 -0.05653559862 -0.06345702822 -0.07377158344 -0.06342689434 -0.05308220525 -0.04273751616 -0.03239282706 -0.02204813797 -0.01170344888 -0.03918894345 -0.03255206694 -0.03508438223 -0.03761669751 -0.03850737397 -0.04060371492 -0.02298620054 0.03291880324 0.08882380702 0.05177287566 0.04313404492 0.04574413616 0.04835422739 0.05096431863 0.0590164069 0.05515196812 0.05961245955 0.06219046893 0.06217834532 0.06216622171 0.06016739608 0.06045567773 0.06074395939 0.08295004309 0.06464889591 0.04725396723 0.04501286142 0.04277175561 0.0405306498 0.03267036386 0.03512443174 0.03757849962 0.0400325675 0.04248663538 0.04494070326 0.04739477114 0.01676578166 0.01973503477 0.02270428789 0.025673541
	 0.079927219 -0.003699008465 0.003182738629 0.01006448572 0.01694623282 0.02382797991 0.03608803287 0.02828408271 0.02048013256 0.0126761824 0.004872232248 -0.002931717907 0.01632905696 0.01888523723 0.0214414175 0.02399759776 0.04208775785 0.04818753821 0.05428731857 0.06038709893 0.0664868793 0.06129319979 0.06320329056 0.06181899573 0.05151518928 0.05241208956 0.05330898983 0.0484889134 0.04496755111 0.03945098617 0.03393442123 0.02841785629 0.03665855016 0.03363689694 0.03061524371 0.02759359049 0.02457193727 0.02037761131 0.01691590433 -0.06802033613 -0.01154682952 -0.01874924935 -0.05876936018 -0.06263379896 -0.06649823774 -0.07036267652 -0.0742271153 -0.06072729115 -0.06154884768 -0.06156097129 -0.06157309489 -0.0615852185 -0.04467710639 -0.04270283039 -0.06706567392 -0.06044093983 -0.05381620574 -0.04719147165 -0.02443838837 -0.04363675312 -0.04118268524 -0.03872861736 -0.03627454948 -0.0338204816 -0.03136641372 -0.02891234584 -0.02645827796 -0.02572716123 -0.02275790812 -0.01978865501 -0.01681940189
	 0.1218335014 0.08190617038 0.09332860859 0.07041906814 0.07730081524 0.08418256233 0.09106430943 0.09964151272 0.09183756256 0.08403361241 0.07622966225 0.1004169979 0.1029731782 0.1055293584 0.1080855387 0.1441312363 0.1502310167 0.156330797 0.1624305774 0.1685303578 0.1723226511 0.1934747105 0.2146267699 0.2357788293 0.2012899102 0.1790681899 0.1568464696 0.1346247493 0.112403029 0.1107467552 0.1059070472 0.1010673393 0.1124476794 0.1089859724 0.1424982719 0.08188000416 0.02126173638 -0.03935653139 -0.06963036054 -0.125260287 -0.1470515945 -0.1550107223 -0.1629698502 -0.1709289781 -0.1823459356 -0.1934805972 -0.2046152589 -0.2006795067 -0.1896341541 -0.1806517571 -0.1784298331 -0.1780272668 -0.1760529908 -0.1789273977 -0.170715846 -0.1578401819 -0.1449645178 -0.1320888537 -0.1435484489 -0.1320657348 -0.1205830208 -0.1091003068 -0.09761759273 -0.08613487869 -0.1052194628 -0.1027653949 -0.1003113271 -0.09785725918 -0.06525085101 -0.0622815979 -0.05931234478
	 0.1548418453 0.1289035144 0.1403259526 0.1517483908 0.163170829 0.1445371448 0.1514188918 0.1583006389 0.165182386 0.1553910424 0.1475870923 0.1870611191 0.1896172994 0.2400749344 0.2461747148 0.2522744951 0.2253877853 0.2465398447 0.2676919041 0.2888439635 0.3099960229 0.3354788336 0.3582065918 0.38093435 0.3630801106 0.3341017111 0.3051233116 0.2761449121 0.2471665126 0.2228094211 0.1685356215 0.1460047868 0.3837020401 0.2690827031 0.1544633662 0.06194458168 0.001326313907 -0.07124038495 -0.1268703114 -0.1825002379 -0.2825563594 -0.2905154873 -0.2984746152 -0.2969562412 -0.3485274709 -0.4267727817 -0.365183281 -0.3738324365 -0.344149841 -0.3144672454 -0.3092726665 -0.3070507424 -0.2912419754 -0.2783663112 -0.2654906471 -0.252614983 -0.2397393189 -0.2268636548 -0.2289994529 -0.2175167389 -0.2060340249 -0.1945513108 -0.1830685968 -0.1662555195 -0.1534947495 -0.1407339794 -0.1279732094 -0.1108571492 -0.1063380811 -0.103466153 -0.1005942249
	 0.1878501893 0.1759008584 0.1873232966 0.1987457348 0.210168173 0.2215906112 0.2330130494 0.2444354876 0.2255369685 0.2324187156 0.2783097097 0.2846494452 0.2748843959 0.2996049789 0.3207570383 0.3419090977 0.3630611571 0.3798211388 0.402548897 0.4252766552 0.4480044134 0.4707321716 0.4934599298 0.516187688 0.5293371353 0.5003587358 0.472408815 0.4505325625 0.4286563099 0.4347799922 0.413120235 0.3914604777 0.5173965042 0.385660292 0.2539240798 0.1221878676 -0.009548344553 -0.190623334 -0.3403678203 -0.4901123066 -0.2553444149 -0.4803618744 -0.5258865029 -0.5992586992 -0.6775040099 -0.5939094689 -0.5579182979 -0.5294964464 -0.4998138508 -0.4701312552 -0.4404486597 -0.4378935759 -0.3860167765 -0.3794895185 -0.3650925333 -0.3506955482 -0.336298563 -0.3172222288 -0.3044614588 -0.2917006887 -0.2789399187 -0.2661791487 -0.2534183786 -0.2406576086 -0.2244166832 -0.2053421022 -0.1862675212 -0.1671929402 -0.1448385408 -0.1419666128 -0.1390946847
	 0.2208585332 0.2228982024 0.2343206406 0.2457430788 0.257165517 0.2685879552 0.2800103934 0.2914328316 0.3028552698 0.314277708 0.3434254306 0.3407924482 0.372798772 0.4048050957 0.4348608379 0.45846465 0.482068462 0.5056722741 0.5292760861 0.5528798982 0.5764837102 0.6000875223 0.6236913343 0.6472951464 0.5155337785 0.7212990905 0.9628772486 0.9470392589 0.9312012692 0.9153632795 0.8995252897 0.6410080958 0.812973462 0.4495440837 0.3206290368 0.124868552 -0.07089193279 -0.2666524176 -0.4624129024 -1.031148359 -0.9701185485 -0.9454622366 -0.9208059247 -0.829928458 -0.9663248984 -0.7976140922 -0.7502856459 -0.7029571995 -0.6534018798 -0.6197709123 -0.5861399448 -0.5525089773 -0.4989370724 -0.4845400872 -0.4701431021 -0.417145858 -0.4043850879 -0.3916243179 -0.3788635479 -0.3661027778 -0.3533420078 -0.3379762171 -0.3189016361 -0.2998270551 -0.2807524741 -0.2616778931 -0.2519121091 -0.2261207901 -0.1853071094 -0.1790709187 -0.172834728
	 0.2584731082 0.2698955464 0.2813179846 0.2927404228 0.304162861 0.3155852992 0.3226727795 0.3372609613 0.3518491432 0.3664373251 0.381025507 0.3994968279 0.4315031517 0.4635094754 0.4955157991 0.5275221229 0.567359519 0.5988048259 0.6302501329 0.6616954399 0.6931407468 0.7245860538 0.5276827928 0.7334481049 0.9392134169 1.144978729 1.350744041 1.556509353 1.762274665 1.950207356 1.740197882 1.802735869 0.1927364658 0.1716992585 0.1716992585 0.0871812095 0.0871812095 -0.3566725114 -0.08905902208 -1.737482422 -2.340933093 -1.983095724 -1.625258355 -1.258058046 -0.8887223506 -1.002667959 -0.9452509879 -0.8882855503 -0.792494936 -0.7451664896 -0.7213654171 -0.6877344496 -0.6541034821 -0.589590656 -0.5043087171 -0.4915479471 -0.478787177 -0.466026407 -0.4515357511 -0.4650623704 -0.4392710514 -0.4134797324 -0.3876884135 -0.3618970945 -0.3361057755 -0.3103144565 -0.2845231375 -0.2587318185 -0.2106379615 -0.2044017708 -0.19816558
	 0.3054704522 0.3168928904 0.3019201283 0.3165083102 0.3310964921 0.345684674 0.3602728559 0.3748610378 0.3894492197 0.4040374015 0.4186255834 0.4332137653 0.4902075314 0.5222138551 0.5542201788 0.5862265026 0.6182328263 0.6869498483 0.7183951553 0.7498404622 0.7812857692 0.8701296171 0.9134206305 0.7718687697 0.9714286569 1.170988544 1.370548431 1.570108318 1.769668206 1.969228093 1.870189747 1.87499614 3.497621876e-06 7.061891584e-06 5.199458499e-07 -1.239621512e-06 -1.13995184e-05 -2.88265149e-06 1.968444792e-06 -2.067759753 -1.925250735 -1.782741716 -1.640232697 -1.497723679 -1.263601373 -0.8942656774 -1.018338551 -0.96092158 -0.9035046094 -0.8460876388 -0.8102462022 -0.8370122317 -0.6981092699 -0.653951648 -0.6075709802 -0.586929434 -0.5940803521 -0.569654867 -0.5234647178 -0.4976733988 -0.4718820799 -0.4460907609 -0.4202994419 -0.3945081229 -0.3687168039 -0.3429254849 -0.3171341659 -0.2913428469 -0.2655515279 -0.2297326229 -0.2234964321
	 0.3059909092 0.3082329739 0.3271251016 0.3460172293 0.364909357 0.3838014847 0.4026936124 0.4124611142 0.4270492961 0.441637478 0.4562256598 0.4708138417 0.5489119111 0.5809182348 0.6129245585 0.6449308823 0.676937206 0.6999581074 0.7283225898 0.8105443597 0.853835373 0.8971263863 0.9404173996 0.9837084129 1.042276049 1.123059377 1.203842704 1.284626032 1.365409359 1.446192687 1.706462007 1.603216738 1.10186336e-05 1.470466422e-05 -5.846511289e-06 -6.784651616e-06 -7.722791944e-06 -8.66093227e-06 7.843226868e-07 -1.637888015 -1.511197597 -1.441500507 -1.370334543 -1.299168579 -1.228002615 -1.149587914 -1.08775974 -0.9935379475 -0.9377389257 -0.9142507066 -0.8705339743 -0.826817242 -0.7567385907 -0.7080726774 -0.6587896979 -0.6338577243 -0.6094322392 -0.5850067541 -0.5605812691 -0.5302844273 -0.5044931083 -0.4787017893 -0.4529104703 -0.4271191513 -0.4013278323 -0.3755365133 -0.3497451943 -0.3239538754 -0.2981625564 -0.255063475 -0.2488272842
	 0.3106179792 0.3259203277 0.3412226762 0.3565250247 0.3718273732 0.3852461896 0.4041383173 0.4458207885 0.469073226 0.4923256636 0.5155781011 0.5388305387 0.5654210674 0.5968979322 0.6283747969 0.6735363516 0.7019008339 0.7302653163 0.7904585193 0.8311888225 0.8719191257 0.912609259 0.9559002723 0.9991912856 1.042482299 1.057806921 1.138590249 1.212865136 1.265152598 1.317440059 1.369727521 1.422014983 1.298891026e-05 4.925681264e-06 -3.137547733e-06 -2.332211356e-06 -3.270351684e-06 -4.208492008e-06 -5.146632333e-06 -1.36258474 -1.328611477 -1.294638213 -1.237375527 -1.18267189 -1.147282603 -1.112960124 -1.05113195 -1.004095751 -0.9649561106 -0.9288487648 -0.8851320324 -0.8414153001 -0.7976985678 -0.7539818355 -0.6736350965 -0.6573742152 -0.6312201001 -0.6050659851 -0.57891187 -0.5527577549 -0.5266036398 -0.5035617443 -0.4855214987 -0.4597301797 -0.4339388607 -0.4081475418 -0.3823562228 -0.3565649038 -0.3307735848 -0.3049822658 -0.2741581363
	 0.3152450493 0.3305473978 0.3458497463 0.3611520948 0.3764544433 0.3917567918 0.470157897 0.4989474305 0.4836203706 0.5068728081 0.5301252457 0.5533776832 0.5827945775 0.6142714422 0.6457483069 0.6772251716 0.7087020363 0.7753254739 0.7949470365 0.8351629702 0.8753789039 0.9155948377 0.9558107714 0.9869648776 1.030255891 1.07688012 1.106740151 1.136600181 1.166460212 1.196320243 1.226180273 1.243215417 2.313689469e-05 2.036168781e-05 6.717631976e-06 -1.345597021e-06 -9.408826013e-06 -1.747205501e-05 -9.438152897e-06 -1.231577776 -1.209785969 -1.188525559 -1.16504926 -1.112199397 -1.093264 -1.061756564 -1.022930493 -0.9841044221 -0.9452783513 -0.9064522804 -0.8677877657 -0.8286481248 -0.8122966259 -0.7676633522 -0.7306990875 -0.6730091916 -0.6468550765 -0.6207009614 -0.5945468463 -0.5683927312 -0.5422386161 -0.516084501 -0.489930386 -0.4637762709 -0.4488351254 -0.4266249605 -0.4044147955 -0.3822046305 -0.3633846132 -0.3375932942 -0.2994889884
	 0.3198721193 0.3351744678 0.3504768163 0.3657791648 0.3810815133 0.3963838618 0.4564505062 0.4852400397 0.5140295732 0.5428191067 0.5716086401 0.5686912228 0.6001680876 0.6316449523 0.663121817 0.6945986817 0.7260755464 0.7709548705 0.80464499 0.8383351095 0.865507862 0.9057237957 0.9440503784 0.9788371817 1.009685419 1.039948525 1.070211631 1.100474737 1.130737842 1.136668945 1.154808951 1.172948957 2.71979519e-05 1.889889923e-05 1.059984656e-05 2.300793888e-06 -1.109041792e-05 -1.915364692e-05 -2.72168759e-05 -1.158585125 -1.137109539 -1.115866815 -1.10459741 -1.092971247 -1.07403585 -1.055100453 -1.012477983 -0.9736519126 -0.9348258417 -0.8959997709 -0.8571737 -0.8206323633 -0.7830305613 -0.762178357 -0.7303299143 -0.6984814716 -0.6521881847 -0.6363359378 -0.6101818227 -0.5840277076 -0.5578735925 -0.5317194774 -0.5055653623 -0.4794112472 -0.4532571321 -0.427103017 -0.4009489019 -0.3941085065 -0.3718983416 -0.3496881766 -0.3350510515
	 0.3134213844 0.3398015379 0.3551038864 0.3704062348 0.3857085833 0.413953582 0.4427431155 0.4715326489 0.5003221824 0.5291117159 0.5579012493 0.6093449482 0.6055000285 0.6402065555 0.680495327 0.7119721917 0.7434490564 0.766584267 0.8002743865 0.8339645061 0.8791514985 0.9134304068 0.9380091024 0.9689873796 1.005571513 1.012680723 1.06041245 1.078552456 1.096692462 1.114832468 1.130299993 1.142394686 3.222001515e-05 2.478765994e-05 5.713206742e-06 -2.585845931e-06 -1.08848986e-05 -1.918395127e-05 -2.396506884e-05 -1.122331862 -1.111062457 -1.099793051 -1.088523645 -1.07725424 -1.054807699 -1.035872302 -1.002025474 -0.9673068711 -0.929705069 -0.892103267 -0.8626019166 -0.8283682298 -0.7941345429 -0.789928371 -0.7401209461 -0.7073337909 -0.6745466356 -0.6417594803 -0.5978479005 -0.5749159839 -0.5519840673 -0.5290521508 -0.5061202342 -0.4831883176 -0.4602564011 -0.4373244845 -0.414392568 -0.3914606514 -0.3685287348 -0.3569623537 -0.3419847456
	 0.3180332548 0.3444286079 0.3597309564 0.3750333049 0.3903356534 0.4002461912 0.4290357247 0.4578252582 0.4866147916 0.5154043251 0.5554376427 0.5904131869 0.6253887311 0.6603642754 0.6809693872 0.7156759142 0.7503824412 0.7699089255 0.8041878338 0.8384667421 0.8727456503 0.9070245586 0.946139353 0.9771176302 1.001104454 1.02844542 1.057953468 1.079614626 1.10185746 1.12292514 1.14399282 1.165060499 2.520376721e-05 1.690471454e-05 8.605661866e-06 -1.012136446e-05 -1.1339901e-05 -1.255843756e-05 -1.377697412e-05 -1.159917457 -1.138846533 -1.11777561 -1.096704686 -1.075633762 -1.052102469 -1.026050879 -1.002233693 -0.9680000062 -0.9337663193 -0.8989305807 -0.8672121206 -0.8354936605 -0.820240885 -0.7779212331 -0.7319520015 -0.6991648462 -0.6663776909 -0.6335905357 -0.6008033804 -0.5664395328 -0.5435076162 -0.5205756997 -0.4976437831 -0.4747118665 -0.45177995 -0.4288480334 -0.4529289108 -0.4274501361 -0.3987966706 -0.3899759901 -0.3811553097
	
END
startDATA metal2 71 71	
	 0.3470923971 0.3642019407 0.3813114842 0.3984210278 0.4155305713 0.4326401149 0.4505998929 0.4723248305 0.4872505134 0.5202584671 0.5532664209 0.5862743747 0.6196180136 0.6512700323 0.682922051 0.7145740697 0.7462260883 0.777878107 0.8095301257 0.8338576276 0.8645697007 0.902635422 0.937083888 0.9711989234 1.009129829 1.047060735 1.081497455 1.093880176 1.106262898 1.118645619 1.138194242 1.161236249 2.455625182e-06 2.219075334e-06 1.982525493e-06 1.745975652e-06 -6.611686028e-06 -1.954694471e-06 2.702297079e-06 -1.160999348 -1.138126549 -1.11525375 -1.097669532 -1.078969212 -1.059537406 -1.040105599 -1.013858681 -0.979964548 -0.9460704151 -0.9121762822 -0.8776127163 -0.8400478536 -0.8058964877 -0.7717451218 -0.7430241962 -0.7082776267 -0.5889458813 -0.5727037941 -0.5564617068 -0.5402196195 -0.5239775323 -0.507735445 -0.4914933577 -0.4752512704 -0.4590091832 -0.4427670959 -0.4265250086 -0.4102829214 -0.3940408341 -0.3777987468 -0.3615566595
	 0.3363814528 0.3534909963 0.3706005399 0.3877100834 0.404819627 0.41387327 0.4355982076 0.4573231453 0.479048083 0.5056016267 0.5386095805 0.5716175343 0.604625488 0.6376334418 0.6706413955 0.7036493493 0.7366573031 0.7696652568 0.8025265633 0.8553693748 0.8537881199 0.9100546764 0.9492332084 0.9884117403 1.021700144 1.05963105 1.099701423 1.133590621 1.156632627 1.179674634 1.203680286 1.228872119 -3.975657594e-06 -6.289707916e-06 -1.632716361e-06 3.024275194e-06 7.681266747e-06 1.23382583e-05 -2.862820089e-05 -1.212647548 -1.198232908 -1.156844105 -1.142783502 -1.116295191 -1.089806881 -1.067785767 -1.033301631 -0.9988174948 -0.9643333587 -0.9243387408 -0.8904446078 -0.8536436489 -0.810806237 -0.7766548711 -0.7243473772 -0.6715568545 -0.6419385864 -0.5667301467 -0.548494037 -0.5302579273 -0.5120218176 -0.4937857079 -0.4755495982 -0.4573134885 -0.4390773788 -0.420841269 -0.4026051593 -0.3843690496 -0.3661329399 -0.3478968302 -0.3296607205
	 0.3256705084 0.342780052 0.3598895955 0.3769991391 0.3941086826 0.3988715847 0.4205965224 0.4423214601 0.4640463977 0.4857713354 0.5239527401 0.5569606938 0.5899686476 0.6151833146 0.6459494276 0.6767155407 0.7074816538 0.7598095311 0.8030452593 0.8235298268 0.8663020588 0.9221108507 0.9608480986 0.9995853464 1.038322594 1.069655512 1.144513476 1.21937144 1.235206208 1.275092602 1.314978996 1.35486539 -1.777436867e-05 -1.311737712e-05 -8.460385564e-06 -3.803394007e-06 7.92670189e-06 1.392338152e-05 1.992006116e-05 -1.342881242 -1.301358778 -1.259836314 -1.21831385 -1.176791386 -1.135268922 -1.126889286 -1.038562939 -1.004078803 -0.9695946668 -0.9351105307 -0.9006263945 -0.8614221701 -0.7988135483 -0.7454690949 -0.686795393 -0.6571771249 -0.6275588568 -0.5979405887 -0.5683223206 -0.5387040525 -0.5090857844 -0.460837198 -0.4426010882 -0.4243649785 -0.4061288688 -0.3878927591 -0.3696566494 -0.3514205397 -0.33318443 -0.3149483203 -0.3181411032
	 0.3149595641 0.3320691076 0.3491786512 0.3662881947 0.3621449619 0.3838698995 0.4055948372 0.4273197748 0.4490447125 0.4590960515 0.4730865302 0.5235519471 0.5543180602 0.5850841733 0.6158502863 0.6466163994 0.6727362208 0.715971949 0.7592076772 0.8024434054 0.8344625109 0.8772347428 0.9904335815 1.029170829 1.052508031 1.127365995 1.202223959 1.294917453 1.36290865 1.430899847 1.498891045 1.566882242 -1.835367743e-05 -1.23569978e-05 -6.360318171e-06 -3.636385404e-07 5.633041087e-06 9.945442915e-06 1.198282688e-05 -1.552665715 -1.481097273 -1.403106808 -1.32130606 -1.279783596 -1.223762173 -1.164077274 -1.044559077 -1.009890292 -0.9857869231 -0.9093910841 -0.8686711126 -0.8102377044 -0.7518042961 -0.6889047246 -0.651629692 -0.6284189522 -0.6052082124 -0.583560859 -0.5539425909 -0.5243243228 -0.4947060547 -0.4650877867 -0.4354695186 -0.4058512505 -0.3762329824 -0.3582647891 -0.348704157 -0.3391435249 -0.3295828927 -0.3200222606 -0.3104616285
	 0.3042486197 0.3213581633 0.3384677068 0.325418339 0.3471432766 0.3652856595 0.3792761381 0.3932666167 0.4072570954 0.421247574 0.4352380527 0.4492285313 0.4632190099 0.554985032 0.5424271824 0.5856629106 0.6288986387 0.6721343669 0.7153700951 0.7586058233 0.8018415515 0.8453951949 0.878805735 1.035683623 1.110720545 0.9654324936 1.264612311 1.409903427 1.555194544 1.700485661 1.845776778 1.991067894 1.901913784e-06 4.614072351e-07 -1.741531579e-05 -1.129550644e-05 -9.258122482e-06 2.157369079e-05 1.871858973e-05 -1.896693927 -1.794277104 -1.69186028 -1.589443457 -1.487026634 -1.372054424 -1.137788967 -0.901226054 -0.9692012553 -0.9321937744 -0.8737603662 -0.8153269579 -0.7568935497 -0.6581048661 -0.6352877513 -0.6124706364 -0.5896535215 -0.5668364066 -0.5374709484 -0.5142602086 -0.4910494688 -0.4803263251 -0.450708057 -0.4210897889 -0.3914715208 -0.3618532527 -0.3505853144 -0.3410246823 -0.3314640502 -0.321903418 -0.3123427859 -0.3027821538
	 0.2666390485 0.2735671163 0.2768783939 0.2908688725 0.3048593512 0.3188498298 0.3328403085 0.3468307871 0.3608212657 0.3748117444 0.388802223 0.4027927017 0.4167831803 0.5159645974 0.531464508 0.5236188707 0.5610197458 0.5984206209 0.635821496 0.6732223712 0.7106232463 0.7480241214 0.7604827213 0.8501950637 1.188305361 0.7391401694 1.009752736 1.280365302 1.550977868 1.973604248 2.382248175 2.790892102 0.03554136931 0.03554136931 0.05979213687 0.02130231162 0.02130231162 -0.02299519731 -0.02299519731 -2.553758234 -2.312286119 -2.070814004 -1.829341889 -1.587869773 -1.346397658 -1.069379779 -0.7924257351 -0.5154716908 -0.8216290254 -0.8204162115 -0.7619828032 -0.703549395 -0.6044878928 -0.5816707779 -0.558853663 -0.5360365481 -0.5132194332 -0.4904023183 -0.4675852034 -0.4465229446 -0.4233122048 -0.400101465 -0.3768907252 -0.3770917912 -0.3474735231 -0.3429058397 -0.3333452076 -0.2932443908 -0.2778912945 -0.2625381983 -0.247185102
	 0.2156491041 0.2231952589 0.2307414137 0.2325868762 0.2465773548 0.2605678335 0.2745583121 0.2885487908 0.3025392694 0.316529748 0.3305202267 0.3445107053 0.3585011839 0.4281485151 0.4436484257 0.4591483364 0.474648247 0.5092683728 0.5466692479 0.584070123 0.5996483045 0.6229659721 0.6530450359 0.679299531 0.8985632426 0.865122282 0.8316813213 0.7982403607 0.7647994001 0.7953997631 1.066012329 1.336624895 0.3717241187 0.5721620339 0.3111723103 0.0903347278 -0.05520509029 -0.22126696 -0.3676500468 -1.419971386 -1.333971135 -1.238401219 -1.142831303 -1.047261388 -0.951691472 -0.8561215563 -0.7605516406 -0.3900298799 -0.6826186921 -0.6405185711 -0.5729521612 -0.5699799036 -0.5461827089 -0.5223855142 -0.4985883196 -0.4747911249 -0.4509939302 -0.4271967355 -0.4033995409 -0.3796023462 -0.3450939148 -0.3396052569 -0.3146565577 -0.3229951746 -0.3115176841 -0.2912301998 -0.2758771036 -0.2605240073 -0.2169648084 -0.2088908182 -0.2008168281
	 0.1652772467 0.1728234015 0.1803695564 0.1879157112 0.1882953585 0.2022858371 0.2162763158 0.2302667944 0.244257273 0.2582477517 0.2722382303 0.286228709 0.3248325222 0.3403324328 0.3558323435 0.3713322541 0.3868321647 0.3988564483 0.405122779 0.4621315552 0.4854492228 0.5087668905 0.4821495031 0.5084039983 0.6088211246 0.5753801639 0.5419392033 0.5084982427 0.4877954062 0.4416877704 0.3955801346 0.3494724987 0.5528594608 0.4513945089 0.2734011151 0.127861297 -0.0176785211 -0.1632183392 -0.3087581573 -0.4542979754 -0.6418145283 -0.6381182289 -0.5425483133 -0.4469783976 -0.5803624114 -0.5900106399 -0.5996588684 -0.6093070968 -0.5074230425 -0.4971105301 -0.4867980177 -0.4764855053 -0.4479638522 -0.4241666576 -0.4003694629 -0.3765722682 -0.3527750735 -0.3289778789 -0.3051806842 -0.2879498633 -0.2704828718 -0.2859242096 -0.2723690887 -0.2425565355 -0.2340321582 -0.2732568767 -0.1239099374 -0.1983388737 -0.1902648836 -0.1821908934 -0.1741169033
	 0.1149053893 0.1224515441 0.129997699 0.1375438538 0.1450900086 0.1440038408 0.1579943194 0.171984798 0.1859752767 0.1999657553 0.213956234 0.2279467126 0.2370164399 0.2525163506 0.2680162612 0.2774502545 0.2837165853 0.289982916 0.2962492468 0.3025155776 0.3087819083 0.3150482391 0.3112539704 0.3691411652 0.3693977622 0.3324614955 0.301329738 0.2892325175 0.277135297 0.2650380765 0.2529408561 0.2408436356 0.3787577761 0.27761342 0.1764690639 0.07532470773 -0.0258196484 -0.1269640045 -0.2281083607 -0.1600541664 -0.3306396774 -0.2971033044 -0.347698744 -0.3557554933 -0.3855421521 -0.415328811 -0.4451154698 -0.3535193605 -0.3539149424 -0.3651717472 -0.3548592348 -0.3445467224 -0.3342342101 -0.3239216977 -0.3021506062 -0.2783534116 -0.2545562169 -0.2482728033 -0.2308058118 -0.2197788603 -0.2062237394 -0.1926686185 -0.214543064 -0.2169513534 -0.1979289032 -0.2030253043 -0.07710968247 -0.08528229918 -0.09345491589 -0.1016275326 -0.1474169785
	 0.08221507017 0.07868582328 0.07962584157 0.08717199641 0.09471815124 0.08572184441 0.09971232305 0.1137028017 0.1276932803 0.141683759 0.1556742376 0.1337004471 0.1492003577 0.1560440608 0.1623103915 0.1685767223 0.1748430531 0.1811093838 0.1873757146 0.1990750688 0.1990543464 0.192349839 0.1898695876 0.2033947477 0.2299306223 0.2114030184 0.1928754146 0.1743478107 0.1558202068 0.137292603 0.1111801365 0.08990566397 0.256692852 0.1776248578 0.09855686351 -0.002615746305 -0.01202784115 -0.004347478603 -0.05556145019 -0.1067754218 -0.1579893934 -0.1722245628 -0.1940386391 -0.195788226 -0.2255748848 -0.2177517096 -0.2181472915 -0.2185428734 -0.2189384553 -0.2193340372 -0.2197296191 -0.2126079396 -0.2022954272 -0.1919829148 -0.1816704024 -0.1801345549 -0.1911287518 -0.1736617603 -0.14007839 -0.1265232691 -0.1292645234 -0.1316728129 -0.1340811023 -0.1364893918 -0.1276973308 -0.02213681079 -0.0303094275 -0.03848204421 -0.04665466091 -0.05482727762 -0.06299989433
	 0.02989896123 0.02636971433 0.02284046744 0.01931122055 0.01578197365 0.05189244869 0.04143032669 0.05542080533 0.06941128397 0.08340176261 0.03038445417 0.03463786703 0.04090419779 0.04717052855 0.05717689115 0.09038067582 0.08844204872 0.08596179737 0.08348154602 0.08100129467 0.07852104331 0.07604079196 0.07356054061 0.08034841318 0.07635003198 0.07235165078 0.06743516354 0.06769508518 0.06040873417 0.05312238317 0.04583603216 0.03854968116 0.01951570342 0.05554411205 0.04258956006 0.02963500808 0.0166804561 0.003725904112 -0.009228647871 -0.02218319986 -0.08217522669 -0.1333891983 -0.09942702983 -0.05482462056 -0.08590395073 -0.08277522254 -0.08317080443 -0.08356638632 -0.08396196822 -0.08435755011 -0.084753132 -0.0851487139 -0.08554429579 -0.06004413195 -0.06206671089 -0.1339847003 -0.07393304064 -0.06037791973 -0.04398598288 -0.04639427233 -0.04880256178 -0.05121085124 -0.05361914069 -0.05602743014 -0.0584357196 0.02466344418 0.01649082747 0.00762810614 -0.0004366743237 -0.008501454787 -0.01656623525
	 -0.02241714771 -0.02594639461 -0.0294756415 -0.03300488839 -0.03653413529 -0.04006338218 -0.04359262907 -0.04249180636 -0.02464535704 -0.01803413346 -0.07428795985 -0.01524653711 -0.01756115668 -0.01987577625 -0.02219039582 -0.02538674693 -0.02786699828 -0.03034724963 -0.03282750099 -0.03530775234 -0.03778800369 -0.04026825505 -0.0427485064 -0.04269792132 -0.04546116721 -0.04127041291 -0.03707965862 -0.02922658659 -0.02043303905 -0.01163949151 -0.002845943968 -0.02841309903 -0.03605231248 -0.02290553721 -0.0151640118 0.01249984553 0.009177749221 0.005855652914 0.002533556607 -0.0007885396998 -0.004110636007 0.01990762162 0.02906411728 0.03939344546 0.04447064117 0.04419217854 0.0439137159 0.04363525327 0.04335679063 0.043078328 0.04279986536 0.04252140273 0.0422429401 -0.003511978513 0.03011878396 0.0267428043 0.04129255768 0.03888426822 0.03647597877 0.03406768932 0.03165939986 0.02925111041 0.03093730696 0.02995318335 0.02896905973 0.07063810912 0.06257332866 0.05450854819 0.04644376773 0.03837898727 0.0303142068
	 -0.07473325665 -0.07826250355 -0.08179175044 -0.08532099733 -0.08885024423 -0.09237949112 -0.09590873802 -0.09373625347 -0.09743723781 -0.1252364707 -0.1470477848 -0.1184185529 -0.1224174666 -0.1264163803 -0.130415294 -0.1324500464 -0.1359262585 -0.1394024706 -0.1428786826 -0.1516487854 -0.1541040837 -0.1565593819 -0.1466252228 -0.1857711034 -0.1675060446 -0.1492409857 -0.1272060209 -0.1184124733 -0.1096189258 -0.1008253782 -0.08954351705 -0.07830128233 -0.1214292784 -0.08378274851 -0.0664519969 -0.04912124529 -0.03619717752 0.005123160559 0.04644349864 0.08776383672 0.1290841748 0.1124857778 0.1216422734 0.1528761257 0.1777950078 0.1775165452 0.1772380825 0.1769596199 0.1573774879 0.1541147024 0.1508519168 0.1475891312 0.1443263456 0.14106356 0.1570076168 0.1822443239 0.1636684696 0.1450926154 0.1190319281 0.1145274508 0.1135433272 0.1125592036 0.1115750799 0.1105909563 0.1096068327 0.1086227091 0.1094537707 0.1013889902 0.09332420979 0.08525942932 0.07719464886
	 -0.1270493656 -0.1305786125 -0.1341078594 -0.1376371063 -0.1347491327 -0.1677879101 -0.1175816107 -0.1407834469 -0.1716780998 -0.1934894138 -0.2153007279 -0.2371120419 -0.258923356 -0.2407470493 -0.244745963 -0.2487448767 -0.2527437904 -0.2567427041 -0.2574858252 -0.2609620373 -0.2644382494 -0.2756323538 -0.2684134589 -0.3102739054 -0.296068976 -0.2818640467 -0.2676591173 -0.253454188 -0.2392492586 -0.2189696375 -0.2002764611 -0.1046955647 -0.3623636812 -0.2416417217 -0.05310946809 -0.01376457481 0.02558031847 0.06492521174 0.104270105 0.1436149983 0.1829598916 0.2223047849 0.2616496781 0.2925477894 0.3150041688 0.3117413832 0.3084785977 0.3052158121 0.3019530265 0.2986902409 0.2954274553 0.2921646698 0.2889018842 0.2856390986 0.2872068478 0.2647284754 0.2444123172 0.224096159 0.2037800008 0.1834638426 0.1962458567 0.1713939626 0.1922128529 0.1912287293 0.1902446057 0.1892604821 0.1563342128 0.1482694323 0.1402046518 0.1321398714 0.1240750909
	 -0.1833099096 -0.1821726055 -0.1810353015 -0.1844355877 -0.1988075701 -0.2131795524 -0.1866395395 -0.2098413756 -0.2330432118 -0.256245048 -0.2794468841 -0.3053649851 -0.3271762991 -0.3489876132 -0.3707989272 -0.3630755457 -0.3670744594 -0.3710733731 -0.3750722868 -0.3790712005 -0.379045392 -0.4171350275 -0.4527127906 -0.4882905538 -0.5238683169 -0.4313059846 -0.4171010552 -0.4222294243 -0.3918945217 -0.3615596191 -0.3125540527 -0.2676804952 -0.495118921 -0.3743969614 -0.2239503658 -0.1030956695 0.01775902676 0.138613723 0.2594684193 0.2709137237 0.3492263099 0.427538896 0.5058514821 0.5759032487 0.5579789522 0.5128781226 0.4558908747 0.4524067065 0.4489225383 0.4454383701 0.4419542019 0.4384700337 0.4349858655 0.3901088645 0.3697927063 0.3494765481 0.3291603899 0.3088442317 0.2885280735 0.2682119153 0.2478957571 0.2496567543 0.2339948892 0.2363168014 0.2294414476 0.2225660937 0.2032146548 0.1951498744 0.1870850939 0.1790203134 0.170955533
	 -0.2273214702 -0.2010832653 -0.2154552476 -0.22982723 -0.2441992123 -0.2324956321 -0.2556974683 -0.2788993044 -0.3021011406 -0.3253029768 -0.3485048129 -0.3717066491 -0.3949084853 -0.4172405563 -0.4390518704 -0.4608631844 -0.4826744985 -0.5044858125 -0.4894029558 -0.4934018695 -0.4974007832 -0.5926982292 -0.6370121224 -0.6495186869 -0.6920602113 -0.7346017358 -0.8042526809 -0.7363004879 -0.3675584751 -0.4750811681 -0.5826038612 -0.5928602427 -0.9967784507 -0.517945577 -0.3208345024 -0.108152028 0.04956188395 0.2072757959 0.4146477613 0.7243785738 0.7690975411 0.8138165085 0.7915650796 0.8529454279 0.7685348277 0.723433998 0.6783331684 0.6332323388 0.5988856464 0.5954014782 0.59191731 0.5884331418 0.5405085422 0.4748569372 0.454540779 0.4342246208 0.4139084626 0.3935923044 0.3732761461 0.3529599879 0.3326438297 0.3123276715 0.3281047779 0.3053607639 0.2826167499 0.2598727359 0.2346033423 0.2267665029 0.2189296635 0.211092824 0.2032559846
	 -0.2321029252 -0.2464749075 -0.2608468899 -0.2752188722 -0.2783517247 -0.3015535609 -0.324755397 -0.3479572332 -0.3711590694 -0.3943609055 -0.4175627417 -0.4407645779 -0.463966414 -0.4871682502 -0.5103700864 -0.5291161275 -0.5509274416 -0.5698571207 -0.5906702688 -0.6114834169 -0.7108726981 -0.7668611694 -0.7678152736 -0.8179205184 -0.8680257631 -0.9181310078 -0.9999340059 -1.107456699 -1.214979392 -1.322502085 -1.430024778 -1.92723348 -0.4192482075 -0.3431368611 -0.3135787337 -0.06361034687 0.1029712694 0.2606616714 0.3215908102 1.406881682 1.45160065 1.974040103 1.621022077 1.268004051 0.9967208414 0.9489267551 0.9011326688 0.8533385825 0.7986873846 0.753586555 0.7245387143 0.6956445238 0.5799211681 0.5596050099 0.5392888517 0.5189726934 0.523014699 0.4929161063 0.4628175137 0.4327189211 0.4241339129 0.3996715865 0.37520926 0.3507469336 0.3262846072 0.3018222808 0.2667007452 0.2588639058 0.2510270664 0.2431902269 0.2353533875
	 -0.2715232954 -0.2881204503 -0.3047176052 -0.3226995363 -0.3439312255 -0.3651629147 -0.3863946038 -0.407626293 -0.4288579822 -0.4500896713 -0.4713213605 -0.4925530497 -0.5137847388 -0.535016428 -0.5562481172 -0.5774798063 -0.5987114955 -0.6199431847 -0.6411748738 -0.7591025099 -0.8159172723 -0.8727320346 -0.9295467969 -0.953669552 -1.034815275 -1.115960997 -1.268572905 -1.482668449 -1.696763993 -1.910859537 -2.202834898 -2.43488079 -4.323140279e-06 -9.333009577e-06 -8.282473184e-06 6.571833125e-06 7.56727988e-06 4.626086294e-06 6.924091834e-06 2.254151166 2.083116547 2.049911187 1.722624523 1.395337859 1.168587014 1.115639598 1.062692182 1.014182124 0.9333498524 0.8645399941 0.7913620157 0.7938134907 0.7027573502 0.6758790131 0.639559164 0.6094605714 0.5793619788 0.5492633861 0.5191647935 0.4942108272 0.4697485007 0.4452861743 0.4208238479 0.3963615215 0.371899195 0.3474368686 0.2988868207 0.2907783207 0.2826698207 0.2745613207 0.2664528207
	 -0.2904070407 -0.3070041956 -0.3153385983 -0.3427357967 -0.3701329951 -0.3975301935 -0.4249273919 -0.4523245904 -0.4766107893 -0.4978424785 -0.5190741677 -0.5403058568 -0.561537546 -0.5827692352 -0.6040009243 -0.6252326135 -0.6464643027 -0.7097395385 -0.7530246297 -0.7963097208 -0.8686246672 -0.9254394295 -0.9822541918 -1.039068954 -1.095883716 -1.277596744 -1.340692597 -1.403788449 -1.466884301 -1.432985146 -1.64708069 -1.84734987 -1.845106626e-05 -2.937691364e-05 -1.829406912e-05 8.700069725e-06 1.406836015e-05 1.943665058e-05 2.216830143e-05 1.791070966 1.658942092 1.523668591 1.391070045 1.385428322 1.333948242 1.205666041 1.122261025 1.032069904 0.9574590104 0.9177649922 0.8708421921 0.823919392 0.769005048 0.7134971787 0.6866188416 0.6597405045 0.6328621674 0.6059838303 0.5680023417 0.539825415 0.5153630886 0.4909007622 0.4664384357 0.4419761093 0.4175137829 0.3930514565 0.332109592 0.324001092 0.315892592 0.307784092 0.2996755919
	 -0.3092907861 -0.325887941 -0.3366305948 -0.3640277932 -0.3914249916 -0.4188221901 -0.4462193885 -0.4736165869 -0.5010137853 -0.5284109838 -0.5558081822 -0.5832053806 -0.610602579 -0.6305220424 -0.6517537315 -0.6744445702 -0.7177296613 -0.7610147525 -0.8042998437 -0.8475849348 -0.9213320621 -0.9781468244 -0.9902832814 -1.029591321 -1.068899361 -1.179682263 -1.238995378 -1.298308493 -1.357621609 -1.416934724 -1.368282535 -1.399319377 -3.987270371e-05 -3.638419567e-05 -1.728907855e-06 7.495356355e-06 1.286364678e-05 1.823193721e-05 2.360022764e-05 1.488329788 1.391953405 1.34871397 1.305474535 1.2622351 1.218995665 1.17575623 1.128871477 1.054260583 0.9793767428 0.9324539427 0.8726435758 0.8349450134 0.7972464511 0.7595478887 0.7242370072 0.6973586701 0.670480333 0.6223631687 0.5968190242 0.5712748798 0.5457307354 0.5201865909 0.4946424465 0.4875906972 0.4631283707 0.4386660443 0.4142037179 0.3572238633 0.3491153633 0.3410068632 0.3328983632
	 -0.376167174 -0.4211029151 -0.3563254932 -0.3840721311 -0.4127169882 -0.4401141866 -0.467511385 -0.4949085834 -0.5223057819 -0.5497029803 -0.5771001787 -0.6044973771 -0.6318945756 -0.659291774 -0.711560815 -0.7192475924 -0.7565612484 -0.7772202611 -0.82319595 -0.8691716388 -0.9148761328 -0.9556072172 -0.9963383016 -1.037069386 -1.082268683 -1.088516409 -1.17140083 -1.201874579 -1.232348328 -1.262822077 -1.287412685 -1.319864791 -3.315042262e-05 -1.265299034e-05 -1.4026629e-06 7.397189709e-06 1.619704232e-05 7.624017059e-07 2.111484404e-05 1.314101549 1.277916236 1.241730923 1.20554561 1.183207456 1.144525509 1.117378663 1.090231817 1.017657564 0.9787026787 0.9385835412 0.9008849788 0.8631864165 0.8254878541 0.7877892917 0.7500907294 0.712392167 0.7080984986 0.6511798512 0.6256357068 0.6000915624 0.5745474179 0.5490032735 0.5225984067 0.4960753744 0.469552342 0.4430293097 0.4165062773 0.394962744 0.3798656759 0.3647686078 0.3496715397
	 -0.3710079865 -0.4117231784 -0.3740710968 -0.4018177347 -0.4295643727 -0.4573110106 -0.4850576485 -0.5128042864 -0.5405509243 -0.5682975622 -0.5983921753 -0.6257893737 -0.6531865721 -0.6758932373 -0.7057739765 -0.7356547157 -0.7615884617 -0.7989021177 -0.8362157737 -0.8757393626 -0.9150213679 -0.9543033732 -0.9933633469 -1.034094431 -1.060490892 -1.085323237 -1.110155582 -1.134987928 -1.147218423 -1.179678871 -1.212139319 -1.244599767 -2.957894975e-05 -8.670685244e-06 -2.948417739e-06 2.286199231e-06 7.520816201e-06 1.211135721e-05 2.05161125e-05 1.21962386 1.196615766 1.173607671 1.150599577 1.127591483 1.104583389 1.081575295 1.058567201 1.007161057 0.972465897 0.9377707371 0.9030755771 0.8683804172 0.8339874596 0.7970670533 0.7601466471 0.7307026393 0.7026938667 0.6746850942 0.6466763217 0.6139174311 0.5873943988 0.5608713664 0.534348334 0.5078253017 0.4813022693 0.454779237 0.4282562046 0.4017331722 0.3944316264 0.3793345583 0.3642374902
	 -0.3776647735 -0.4023434417 -0.4270221099 -0.4195633384 -0.4473099763 -0.4750566142 -0.5028032521 -0.53054989 -0.558296528 -0.5860431659 -0.6137898038 -0.6206439497 -0.6469959579 -0.673347966 -0.699987138 -0.7298678772 -0.7666156749 -0.8039293309 -0.8370085539 -0.8762905592 -0.9155725645 -0.9548545698 -0.9620902958 -1.01032268 -1.039222688 -1.059060849 -1.093344745 -1.114580234 -1.135815724 -1.157051213 -1.178883281 -1.200384568 -1.75948785e-05 -1.135637762e-05 -6.12176065e-06 -8.871436805e-07 4.347473289e-06 1.493062694e-05 1.731687522e-05 1.181589484 1.166445314 1.137138944 1.11413085 1.101620008 1.083080273 1.064540538 1.046000804 1.006952542 0.9736683592 0.9389731993 0.9042780393 0.8695828794 0.8387803881 0.8053899672 0.7530751857 0.7269657882 0.7008563906 0.6767111035 0.6487023309 0.6206935584 0.5926847859 0.5726212937 0.5460982614 0.519575229 0.4930521966 0.4665291643 0.4400061319 0.4134830996 0.3869600672 0.3939005088 0.3788034407
	 -0.3682850369 -0.392963705 -0.4176423732 -0.4423210414 -0.4650555799 -0.4928022178 -0.5205488558 -0.5482954937 -0.5426133615 -0.5689653697 -0.5953173779 -0.621669386 -0.6480213942 -0.6743734024 -0.7007254105 -0.7270774187 -0.7539617779 -0.8089565442 -0.8375597505 -0.8768417558 -0.9161237611 -0.9253619995 -0.973594384 -1.021826768 -1.059703238 -1.079541399 -1.099379559 -1.11921772 -1.13905588 -1.14582351 -1.167058999 -1.188294489 -1.71649052e-05 -1.307675897e-05 -8.988612746e-06 -4.90046652e-06 8.79756199e-06 1.403217896e-05 1.926679593e-05 1.192394857 1.169852832 1.147310807 1.124768782 1.102226757 1.07816136 1.057527305 1.044048672 1.003252464 0.9706771696 0.9396879208 0.9062975 0.8729070791 0.8395166583 0.8061262374 0.7443222753 0.7182128778 0.6921034802 0.6659940826 0.639884685 0.6137752875 0.5876658899 0.5697173289 0.5453266788 0.5209360287 0.4965453786 0.4721547286 0.4477640785 0.4252330269 0.3987099945 0.3721869622 0.3933693911
	 -0.3589053002 -0.3835839684 -0.4082626365 -0.4329413047 -0.4576199729 -0.4645827734 -0.4909347816 -0.5172867897 -0.5436387979 -0.569990806 -0.5963428142 -0.6226948224 -0.6490468305 -0.6753988387 -0.7017508468 -0.728102855 -0.7544548632 -0.7744456231 -0.8371552375 -0.8456854511 -0.8886337033 -0.9368660877 -0.9797106678 -1.024685923 -1.069661179 -1.102118462 -1.124204476 -1.146290489 -1.167517557 -1.186466285 -1.205415013 -1.224363742 -1.346894111e-05 -9.380794883e-06 -5.292648658e-06 -1.204502433e-06 2.883643793e-06 1.315753846e-05 1.70825471e-05 1.217341097 1.198347738 1.178938512 1.158304457 1.137670403 1.117036348 1.096402293 1.056539153 1.016207736 0.9758763185 0.9355449014 0.8952134842 0.8675217453 0.8402529284 0.8068625076 0.7355693649 0.7094599674 0.6833505698 0.6627742388 0.6383835887 0.6139929386 0.5896022885 0.5652116384 0.5298860168 0.5026520481 0.4754180794 0.4481841107 0.4209501421 0.3937161734 0.4377311943 0.4162613894 0.3236863228
	 -0.3495255635 -0.3742042317 -0.3988828999 -0.3877179006 -0.4154500944 -0.4431822883 -0.4709144822 -0.4986466761 -0.52637887 -0.5541110639 -0.5818432578 -0.6095754517 -0.6373076456 -0.6650398395 -0.6810283792 -0.7025830256 -0.724137672 -0.7675341964 -0.855887726 -0.8524620199 -0.8894406807 -0.9380909046 -0.9830757623 -1.02806062 -1.073045478 -1.094437059 -1.1604496 -1.208120026 -1.244125349 -1.280130673 -1.301917417 -1.332539475 -7.209180825e-06 -3.121034599e-06 9.67111626e-07 5.055257851e-06 -1.23653158e-06 2.476290242e-06 6.189112065e-06 1.333124603 1.29623746 1.259350317 1.222463174 1.189786852 1.147266086 1.10640572 1.066158692 1.025911665 0.985664637 0.9454176094 0.9051705819 0.8658557083 0.8249021599 0.7821470523 0.7190150957 0.6923511298 0.6656871638 0.6435445907 0.616310622 0.5890766533 0.5618426846 0.5346087159 0.5073747472 0.4801407785 0.4529068098 0.4256728412 0.4509797232 0.4295099182 0.4080401133 0.3137224934 0.3071826379
	 -0.3401458268 -0.3106544523 -0.3383866462 -0.3661188401 -0.393851034 -0.4215832279 -0.4493154218 -0.4770476157 -0.5047798096 -0.5325120035 -0.5359762447 -0.5632050186 -0.5821836996 -0.6011623806 -0.6201410616 -0.6391197426 -0.6580984236 -0.8157560689 -0.8032976962 -0.8526495093 -0.898484727 -0.9461619322 -0.9938391374 -1.033088873 -1.0928216 -1.158834141 -1.224846681 -1.290859222 -1.358235884 -1.426058066 -1.478229108 -1.528064161 -5.666430834e-06 -1.915113946e-05 -4.209241126e-07 3.29189771e-06 7.004719532e-06 1.071754135e-05 1.443036318e-05 1.496646765 1.446498336 1.396349906 1.346201476 1.296053047 1.229243554 1.164529353 1.076811042 1.035857494 0.9949039456 0.9539503972 0.8963689251 0.8461975108 0.7960260965 0.7458546822 0.7143550223 0.6720046942 0.6369779864 0.6103140205 0.5836500545 0.5569860885 0.5303221226 0.5036581566 0.4769941906 0.5355183345 0.4652898922 0.4419241715 0.4185584509 0.3951927302 0.3718270095 0.2948712462 0.2875585781
	 -0.261323198 -0.2890553919 -0.3218596071 -0.34284065 -0.363821693 -0.384802736 -0.405783779 -0.426764822 -0.447745865 -0.468726908 -0.4930646957 -0.5120433767 -0.5310220577 -0.5500007387 -0.5689794197 -0.5879581007 -0.698476862 -0.736245604 -0.7740143459 -0.7887788983 -0.8381307114 -0.8874825245 -1.002883184 -1.050560389 -1.159939762 -1.227761943 -1.295584125 -1.292386735 -1.448864884 -1.605343034 -1.761821183 -1.918299332 -2.089815066e-05 -1.771023735e-05 -4.086078548e-06 -3.732567257e-07 3.339565097e-06 1.810902258e-05 2.384583907e-05 1.875007408 1.728630627 1.587238036 1.473193511 1.373336882 1.273480254 1.173623625 1.073766996 1.010590798 0.9604193836 0.9102479693 0.8600765551 0.8099051408 0.7597337265 0.7247445853 0.6823942572 0.640043929 0.5976936009 0.5816048431 0.5549408772 0.5282769112 0.4912043483 0.5014438994 0.4908155329 0.4412089519 0.4178432312 0.3944775105 0.3711117899 0.3477460692 0.3243803486 0.2690100829 0.2616974148
	 -0.2336292273 -0.2546102703 -0.2755913133 -0.2965723563 -0.3175533993 -0.3385344423 -0.3595154853 -0.3804965283 -0.4014775712 -0.4229243728 -0.4419030538 -0.4608817348 -0.4798604158 -0.4988390968 -0.5178177778 -0.5811976552 -0.6189663971 -0.656735139 -0.694503881 -0.7322726229 -0.7742601004 -0.8236119135 -0.8283986802 -1.203736341 -0.776628334 -1.126493131 -1.476357928 -1.615347142 -1.771825291 -1.928303441 -2.208197251 -2.398949841 -2.967812573e-06 -3.617210282e-06 -3.617210282e-06 4.678441994e-07 3.698659783e-06 3.698659783e-06 2.535582095e-06 2.287450733 2.50670303 2.134755042 1.762807054 1.390859066 1.196741352 0.9768327181 1.001280328 0.9522236673 0.9031670067 0.8541103462 0.8050536856 0.7723705352 0.7335427575 0.6947149798 0.6188517863 0.5821740153 0.5454962443 0.5484718393 0.5151081423 0.4673694643 0.4567410978 0.4461127313 0.4171280115 0.3937622909 0.3703965702 0.3470308496 0.3236651289 0.3002994082 0.2769336876 0.2431489195 0.2358362515
	 -0.2352149801 -0.2083419766 -0.2293230196 -0.2503040626 -0.2712851056 -0.2922661485 -0.3132471915 -0.333805369 -0.35278405 -0.371762731 -0.390741412 -0.409720093 -0.428698774 -0.447677455 -0.4639184483 -0.5016871902 -0.5394559322 -0.5772246741 -0.5840645965 -0.5916618849 -0.6547694847 -0.6888102564 -0.722851028 -0.9349048795 -0.918507796 -0.9021107124 -0.8857136289 -0.8693165454 -0.9368105652 -1.286675362 -1.636540159 -1.803787823 -0.3007039998 -0.1643033025 -0.2001280249 -0.1699148549 0.1506768019 0.2850841972 0.4194915925 1.777993656 1.623960538 1.46992742 1.590792988 1.218845 0.8468970124 0.806925819 0.9389165246 0.889859864 0.7716713171 0.7328435394 0.6940157616 0.6551879839 0.6163602062 0.5775324285 0.5387046508 0.5133357277 0.5390119363 0.4332950292 0.4226666627 0.4120382962 0.4014099297 0.3930470712 0.3696813506 0.3463156299 0.3229499092 0.2995841886 0.2762184679 0.2528527473 0.2294870266 0.2172877562 0.2099750882
	 -0.1682377595 -0.1786062608 -0.2276887745 -0.2040357688 -0.2250168118 -0.2459978548 -0.2636650461 -0.2826437271 -0.3016224081 -0.3206010891 -0.3395797701 -0.3585584511 -0.3775371321 -0.3466392414 -0.3844079833 -0.4221767253 -0.4524938713 -0.4600911597 -0.4676884481 -0.4752857365 -0.5492218326 -0.5832626042 -0.6824705016 -0.666073418 -0.6496763345 -0.6332792509 -0.6168821674 -0.6003002686 -0.584030104 -0.5677599394 -0.5514897748 -0.7226652756 -0.4949355069 -0.4118883111 -0.1727659151 -0.03931391459 0.09413808591 0.2275900864 0.3610420869 0.4944940874 0.9321355678 0.8247426346 0.7173497014 0.6099567682 0.5025638351 0.696927485 0.681123795 0.6462689792 0.6483210873 0.6103822612 0.572443435 0.5345046089 0.4965657827 0.4586269565 0.4472700981 0.3677516541 0.3797296961 0.3687870154 0.3578443347 0.3469016539 0.3359589732 0.3250162924 0.3222346896 0.2988689689 0.2755032483 0.2521375276 0.2287718069 0.2054060863 0.198739261 0.1914265929 0.1841139248
	 -0.1130137087 -0.1151361728 -0.117258637 -0.1193811011 -0.1787485181 -0.1935247232 -0.2125034042 -0.2314820852 -0.2504607662 -0.2694394472 -0.2884181282 -0.3073968092 -0.2293600345 -0.2671287765 -0.3209231461 -0.3285204345 -0.3361177229 -0.3437150113 -0.3513122997 -0.3589095881 -0.418420063 -0.4467302013 -0.4172349351 -0.4009647705 -0.3846946059 -0.3948263473 -0.386583103 -0.3783398586 -0.3700966142 -0.3618533699 -0.3536101255 -0.3453668811 -0.4599629445 -0.2552246582 -0.1713865662 -0.0875484742 -0.003710382187 0.08012770982 0.2586682318 0.3921202323 0.5255722328 0.1474031804 0.4063770886 0.4461362114 0.4858953342 0.5011310371 0.485327347 0.469523657 0.4537199669 0.4379162768 0.3924814354 0.3671848754 0.3799894627 0.3745193346 0.3489544069 0.2973062931 0.2830494261 0.2754070879 0.2818861469 0.2709434662 0.2600007854 0.2490581047 0.2381154239 0.2271727432 0.2162300625 0.2046908666 0.181325146 0.1579594253 0.1728780977 0.1655654296 0.1582527615
	 -0.08201992874 -0.08412029773 -0.08622066672 -0.08832103571 -0.0904214047 -0.09252177369 -0.1360265311 -0.1527756491 -0.1695247671 -0.2182778053 -0.2372564863 -0.1817551325 -0.191238149 -0.2031522239 -0.2150662989 -0.2269803739 -0.241556991 -0.24521419 -0.248871389 -0.2525285879 -0.2561857869 -0.2599952033 -0.25796062 -0.2803069828 -0.2639794218 -0.2476518609 -0.2313242999 -0.214996739 -0.198669178 -0.181033492 -0.1727902476 -0.1645470032 -0.3428420499 -0.1895454645 -0.0905993627 -0.04164819777 0.007302967164 0.0562541321 0.105205297 0.154156462 0.2064834901 0.2170327301 0.2275819701 0.2381312102 0.305978015 0.2999061579 0.2938343008 0.2877624437 0.2816905866 0.2756187295 0.2695468724 0.2511025682 0.2454823441 0.216654082 0.22255236 0.2420952517 0.2348177043 0.1979391297 0.1902967915 0.1826544533 0.1750121151 0.1673697769 0.1597274387 0.1520851005 0.1444427623 0.129329194 0.1183865132 0.1105127643 0.1470169343 0.1397042663 0.1323915982
	 -0.05403019584 -0.0560173475 -0.05800449917 -0.05999165084 -0.06197880251 -0.06396595418 -0.06595310585 -0.06794025752 -0.09597386025 -0.09543246255 -0.09489106486 -0.1231109731 -0.0571831148 -0.07376380536 -0.1170340083 -0.1206912073 -0.1243484062 -0.1280056052 -0.1328891339 -0.1360112895 -0.1391334452 -0.1386952544 -0.1399391285 -0.1379045453 -0.1487242325 -0.1323966716 -0.1160691106 -0.09974154966 -0.08341398871 -0.06708642777 -0.03143405913 -0.07376299565 -0.09012216045 -0.07778816426 -0.02840276199 -0.1086254255 -0.06002193802 -0.01141845053 0.03718503696 0.08578852444 0.09798843039 0.1123178178 0.1266472052 0.1326348588 0.1275796191 0.1619249541 0.155853097 0.1497812399 0.1437093828 0.1376375257 0.1315656685 0.1214459813 0.1035292901 0.109427568 0.115325846 0.1212241239 0.1271224018 0.140186553 0.1128288333 0.1051864951 0.09754415688 0.08990181868 0.08225948047 0.07461714226 0.06697480405 0.05933246584 0.05169012764 0.06997026405 0.07755837964 0.09836141615 0.0898781802
	 -0.0202555385 -0.02224269017 -0.02422984183 -0.0262169935 -0.02820414517 -0.03019129684 -0.03217844851 0.01630659081 0.0361920846 0.0560775784 -0.01347626765 -0.02099860968 -0.02057581901 -0.02015302833 -0.03910660167 -0.005357393536 -0.008479549154 -0.01160170477 -0.01472386039 -0.01784601601 -0.02096817163 -0.02409032725 -0.01371979127 -0.01555722368 -0.01784847055 -0.01581388728 -0.0008139212747 0.01551363967 -0.007221944718 -0.01303820158 -0.01200563245 -0.01097306333 0.02024616229 -0.009591985386 -0.01049507473 -0.01139816408 -0.01230125343 -0.03846487914 -0.0562653813 0.01970612172 0.0683096092 0.0145454691 0.02501323359 0.01995799392 0.01490275424 0.009847514568 0.00250768082 0.01063882657 0.005543036192 0.0004472458139 -0.01824270751 -0.01199052107 -0.005738334629 0.0005138518107 0.00676603825 0.01301822469 0.01927041113 0.02552259757 0.03536087509 0.02771853688 0.02007619867 0.01243386047 0.004791522259 -0.002850815948 -0.01049315416 -0.01813549236 0.0005106407531 0.008098756341 0.01568687193 0.06149379121 0.05301055526
	 0.01351911884 0.01153196717 0.009544815504 0.007557663836 0.005570512167 0.003583360498 0.05779523476 0.07768072855 0.09756622234 0.1174517161 0.1373372099 0.07307809793 0.08548394253 0.06682743141 0.07399577504 0.08116411867 0.0883324623 0.09550080592 0.1026691496 0.1003192575 0.0971971019 0.09407494629 0.1130931043 0.1112556719 0.1094182395 0.105881216 0.1012245111 0.1290174152 0.06307256663 0.0592776284 0.05548269016 0.05168775193 0.09668511604 0.07712588529 0.05756665454 0.03800742379 0.01844819305 -0.001111037702 -0.02067026845 -0.0402294992 -0.1268776154 -0.1038551662 -0.1017744915 -0.1050972267 -0.1084199619 -0.1117426971 -0.1150654323 -0.1183881675 -0.1217109027 -0.1325712175 -0.126319031 -0.1200668446 -0.1138146582 -0.1075624717 -0.1013102853 -0.09505809885 -0.08880591241 -0.08255372597 -0.06967547335 -0.06657228236 -0.06281937446 -0.06503409774 -0.07267643595 -0.08031877416 -0.07653709813 -0.06894898254 -0.06136086696 -0.05377275137 -0.04618463578 -0.03859652019 0.01614293033
	 0.04729377618 0.04530662451 0.04331947284 0.04133232117 0.03934516951 0.09928387871 0.1191693725 0.1390548663 0.1589403601 0.1788258539 0.1987113477 0.2185968415 0.1915437041 0.1799298081 0.1870981517 0.1942664954 0.201434839 0.2086031826 0.2157715263 0.2229398699 0.2301082135 0.2372765571 0.2328709372 0.2336079063 0.2343448753 0.2169857282 0.1998101327 0.1826345372 0.194112078 0.1718602942 0.1406012551 0.1167818609 0.358945704 0.1778344476 0.1238043609 0.06977427427 0.01574418761 -0.03828589905 -0.09231598571 -0.1515252263 -0.2066270018 -0.2783341959 -0.2467478498 -0.250070585 -0.2533933202 -0.2567160554 -0.2557438913 -0.2654673609 -0.2434619864 -0.2645340756 -0.2532724048 -0.2420107339 -0.2307490631 -0.2194873922 -0.2082257214 -0.1969640505 -0.1857023796 -0.1744407088 -0.1603295061 -0.163192422 -0.1601302921 -0.1570681622 -0.154304246 -0.1464790208 -0.1386537956 -0.1308285704 -0.1232323747 -0.1156442591 -0.1080561435 -0.1004680279 -0.09287991232
	 0.08106843352 0.07908128185 0.07709413018 0.1208870289 0.1407725227 0.1606580164 0.1805435102 0.200429004 0.2203144978 0.2401999916 0.2600854854 0.2799709792 0.3103620622 0.2930321848 0.3002005284 0.3073688721 0.3145372157 0.3217055593 0.328873903 0.3360422466 0.3749654692 0.4038224041 0.4326793391 0.4154374576 0.3982618621 0.3810862665 0.363910671 0.3467350754 0.3295594799 0.3015651193 0.2793133355 0.2570615517 0.462981098 0.3271950312 0.1914089644 0.05562289767 -0.08016316911 -0.1550347594 -0.2497638116 -0.2282053222 -0.2833070977 -0.3864731087 -0.3760076123 -0.4174443043 -0.4271677738 -0.440984104 -0.4560846636 -0.4711852233 -0.3854249131 -0.3920391733 -0.3807775025 -0.3695158316 -0.3582541608 -0.3458158704 -0.3313930619 -0.3169702535 -0.302547445 -0.2881246366 -0.2418910686 -0.1952320162 -0.2308914546 -0.2211503508 -0.2176054529 -0.2097802277 -0.2019550025 -0.1941297773 -0.1863045521 -0.1784793269 -0.1706541016 -0.1559236336 -0.1315495761
	 0.1148430909 0.1128559392 0.1623756728 0.1822611666 0.2021466604 0.2220321542 0.241917648 0.2618031418 0.2816886356 0.3015741294 0.3214596232 0.3536664805 0.3753022228 0.3969379652 0.4110723721 0.4242067373 0.4276395924 0.434807936 0.4629980047 0.4886052831 0.5157626578 0.5429200325 0.5700774073 0.2690263756 0.4692810329 0.7755305133 0.7298346073 0.6841387013 0.6384427953 0.5927468893 0.5565704139 0.5134379965 0.4691796952 0.4084698296 0.2546725471 0.1008752646 -0.05292201786 -0.2067193003 -0.3605165828 -0.4829057098 -0.8245534785 -0.7159047597 -0.5998681132 -0.6120734447 -0.6271740044 -0.642274564 -0.6573751237 -0.6724756833 -0.5273878397 -0.5285716104 -0.5141488019 -0.4997259935 -0.485303185 -0.4891302123 -0.4569485633 -0.4247669143 -0.3925852654 -0.3604036164 -0.3282219674 -0.2853053704 -0.3082859292 -0.288731885 -0.2809066598 -0.2730814346 -0.2652562094 -0.2574309842 -0.249605759 -0.2405913155 -0.216217258 -0.1918432005 -0.167469143
	 0.1486177482 0.2038643168 0.2237498105 0.2436353043 0.2635207981 0.2834062919 0.3032917857 0.3231772795 0.3430627733 0.3753351564 0.3969708987 0.4186066411 0.4402423834 0.4618781258 0.4835138682 0.5146594655 0.5362362337 0.5551505385 0.5823079132 0.6094652879 0.6366226626 0.6637800374 0.6909374121 0.5549840472 0.7552387045 0.9554933618 1.155748019 1.356002676 1.556257334 1.038958255 0.9932623493 0.9475664433 0.5526713231 0.4384474452 0.1853569793 0.1632856166 -0.1358137956 -0.2884987285 -0.4411836615 -1.607595569 -1.493924074 -1.371203069 -1.255166423 -1.139129776 -1.02309313 -0.9070564833 -0.6008734772 -0.7768658652 -0.7264237973 -0.7041877071 -0.6720060581 -0.6398244091 -0.6076427601 -0.5754611111 -0.5432794622 -0.5110978132 -0.4789161642 -0.4467345152 -0.4145528662 -0.3753787247 -0.3598583172 -0.3520330919 -0.3442078667 -0.3363826415 -0.3285574163 -0.3252589974 -0.3008849399 -0.2765108824 -0.2521368248 -0.2277627673 -0.2033887098
	 0.2453529607 0.2652384545 0.2851239483 0.3050094421 0.3248949359 0.3447804297 0.3646659235 0.3970038323 0.4186395746 0.440275317 0.4404726274 0.464228309 0.4921009359 0.5126831273 0.5332653187 0.5568833622 0.5947995652 0.6466937984 0.7082941397 0.7369761181 0.7656580965 0.7943400749 0.8230220533 0.7762346409 0.9808229357 1.18541123 1.389999525 1.59458782 1.799176115 2.00376441 2.428539747 2.736751309 -1.316287723e-08 -1.316288789e-08 -5.34026408e-07 5.373986056e-06 1.434521906e-07 1.815293658e-07 1.815293658e-07 -2.666510844 -2.392869708 -2.119228571 -1.845587435 -1.571946299 -1.298305162 -1.024664026 -0.7510228899 -0.9212278804 -0.8757412782 -0.8302546759 -0.7847680737 -0.7392814715 -0.6937948692 -0.66179201 -0.6306140346 -0.5972349044 -0.5638557743 -0.5304766442 -0.497097514 -0.4372093614 -0.4231595241 -0.4153342989 -0.4343007367 -0.4099266792 -0.3855526217 -0.3611785642 -0.3368045067 -0.3124304492 -0.2880563917 -0.2636823342 -0.2393082767
	 0.3067270984 0.3266125922 0.346498086 0.3663835798 0.3862690736 0.3858416903 0.4064238817 0.4270060731 0.4475882646 0.468170456 0.4887526474 0.5093348388 0.5299170302 0.5504992216 0.5710814131 0.5916636045 0.6515454711 0.6914629212 0.7400200548 0.7885771885 0.8371343222 0.8856914558 0.9342485895 1.125855383 1.120412624 1.22755393 1.334695235 1.441836541 1.548977846 1.656119152 1.763260457 1.870401763 -1.543117826e-06 -6.642248525e-06 -4.884423294e-06 -6.775901138e-07 7.000914017e-06 2.014567748e-06 2.014567745e-06 -1.863789137 -1.759706063 -1.65562299 -1.551539916 -1.447456842 -1.3641141 -1.233189637 -1.081147964 -0.9848243217 -0.9393377195 -0.8938511173 -0.848364515 -0.8028779128 -0.7573913105 -0.7119047083 -0.6664181061 -0.6603226371 -0.6263558606 -0.6137831069 -0.5154999731 -0.5170952754 -0.5018928492 -0.4945943611 -0.4702203036 -0.4458462461 -0.4214721886 -0.3970981311 -0.3727240736 -0.3483500161 -0.3239759586 -0.2996019011 -0.2752278436
	 0.3573017889 0.3471187551 0.3672228928 0.3873270305 0.4074311681 0.4275353058 0.4442399761 0.4648221675 0.4854043589 0.5059865503 0.5265687418 0.5471509332 0.5677331246 0.588315316 0.6088975074 0.6294796988 0.708291377 0.74620758 0.7847891776 0.8333463113 0.8819034449 0.9777968316 1.017638023 1.057479215 1.113556368 1.17788059 1.242204813 1.306529035 1.370853258 1.43517748 1.497883969 1.556516811 -1.24476705e-05 -8.240837323e-06 -4.034004142e-06 1.728290417e-07 4.379662224e-06 7.885248849e-06 1.069504676e-05 -1.527110808 -1.467115875 -1.355433792 -1.361598154 -1.310218546 -1.258838937 -1.207459328 -1.156079719 -1.027023389 -0.9815367865 -0.9360501842 -0.890563582 -0.8450769797 -0.7995903775 -0.7511608358 -0.7275120746 -0.6745236077 -0.6347811418 -0.63236513 -0.6062761239 -0.566132642 -0.5315130168 -0.5100772045 -0.4886413922 -0.4672055799 -0.4573917555 -0.433017698 -0.4086436405 -0.3842695829 -0.3598955254 -0.3355214679 -0.3111474104
	 0.3255264837 0.3519913716 0.4044595396 0.4245636772 0.4446678149 0.4647719526 0.4848760902 0.5026382619 0.5232204533 0.5438026447 0.5643848361 0.5849670275 0.6055492189 0.6261314104 0.6467136018 0.6672957932 0.6878779846 0.8029534858 0.8408696888 0.878115434 0.9113983652 0.951239557 0.9910807488 1.032434682 1.067503313 1.101985271 1.166309494 1.230633716 1.294957938 1.291270947 1.312516589 1.333762231 -1.540479726e-05 -1.119796408e-05 -6.991130903e-06 8.268990321e-06 8.616949426e-06 8.964908528e-06 9.312867633e-06 -1.325062666 -1.298924068 -1.27278547 -1.246646872 -1.225744043 -1.174364434 -1.122984825 -1.071605217 -1.030555918 -0.9938971785 -0.9499876067 -0.9054259578 -0.8621366803 -0.8188474029 -0.7755581254 -0.7293942859 -0.68965182 -0.6701686049 -0.6440795988 -0.6179905927 -0.5919015866 -0.5658125805 -0.5312744042 -0.5046518539 -0.4968257475 -0.4753899352 -0.4539541229 -0.4445632073 -0.4201891498 -0.3958150923 -0.3714410348 -0.3470669773
	 0.3279361482 0.3544630306 0.3809899131 0.4075167955 0.434043678 0.4605705604 0.4870974429 0.5136243253 0.5401512078 0.5666780902 0.5928574857 0.6183224061 0.6433653133 0.6639475047 0.6845296961 0.7051118875 0.725694079 0.7462762704 0.8164822135 0.8590594113 0.8848410906 0.9523924759 0.9874611075 1.022529739 1.057598371 1.092667002 1.140276063 1.161521705 1.182767347 1.204012989 1.224598124 1.240474191 -3.704432383e-06 -3.356473278e-06 -3.008514177e-06 -2.660555074e-06 -2.312595969e-06 5.230860356e-06 1.777525116e-05 -1.241148801 -1.215027419 -1.188906037 -1.162784655 -1.136663273 -1.112718372 -1.08228073 -1.049932985 -1.021349783 -0.9967612861 -0.9534720086 -0.9101827311 -0.8668934537 -0.8236041762 -0.7842649641 -0.7340610859 -0.7079720798 -0.6818830737 -0.6557940676 -0.6297050615 -0.6036160554 -0.5775270493 -0.5514380432 -0.5253490371 -0.499260031 -0.4697936161 -0.4431710658 -0.4621384782 -0.4407026659 -0.4192668536 -0.4073606017 -0.3829865442
	 0.3959038739 0.423058688 0.3810104534 0.4075373358 0.4340642183 0.4605911007 0.4871179832 0.5136448656 0.540171748 0.5666986305 0.5932255129 0.6197523954 0.6462792778 0.6728061603 0.6993330427 0.7258599251 0.7504368992 0.817027294 0.8512563103 0.8699703939 0.9050390255 0.9401076572 0.9751762888 1.01024492 1.045313552 1.065596516 1.104385262 1.114372728 1.129081939 1.152768716 1.176455493 1.200142269 -1.756521863e-05 -9.710619732e-06 -1.856020841e-06 5.857833479e-06 6.205792584e-06 6.553751685e-06 6.901710787e-06 -1.199166998 -1.173043543 -1.146920089 -1.124403564 -1.101898991 -1.078203999 -1.054509006 -1.030814014 -1.007119022 -0.9729457834 -0.9443625822 -0.9149395045 -0.871650227 -0.8391356424 -0.7718645608 -0.7457755547 -0.7196865486 -0.6935975425 -0.6675085364 -0.6414195303 -0.6153305242 -0.5892415181 -0.563152512 -0.5370635059 -0.5109744998 -0.4848854937 -0.4587964876 -0.4327074815 -0.408312828 -0.3816902776 -0.4274512089 -0.4060153966
	 0.3723408392 0.3994956533 0.4266504674 0.4538052816 0.4340847586 0.460611641 0.4871385234 0.5136654059 0.5401922883 0.5667191708 0.5932460532 0.6197729357 0.6462998181 0.6728267005 0.699353583 0.7720148792 0.795571243 0.7953161788 0.8340504788 0.886362922 0.904407647 0.9302794513 0.9653480829 1.000416715 1.033661259 1.084197337 1.100729262 1.117261187 1.133793112 1.148435695 1.162919876 1.177404057 -1.993730564e-05 -1.208270675e-05 -4.228107853e-06 3.62649104e-06 1.148108994e-05 7.219564644e-06 1.051665157e-05 -1.18956755 -1.165449288 -1.141331025 -1.117212763 -1.0930945 -1.068976238 -1.046688067 -1.022993075 -0.9992980827 -0.9756030905 -0.9519080983 -0.9078222941 -0.8940063206 -0.8096680358 -0.7835790297 -0.7574900236 -0.7314010174 -0.7053120113 -0.6792230052 -0.6531339991 -0.627044993 -0.6009559869 -0.5748669808 -0.5487779747 -0.5226889686 -0.4965999625 -0.4705109564 -0.4444219503 -0.4183329442 -0.3922439381 -0.366154932 -0.3468320399
	 0.3487778046 0.3759326187 0.4030874328 0.4302422469 0.457397061 0.4845518751 0.4871590637 0.5136859462 0.5402128286 0.5667397111 0.5932665935 0.6197934759 0.6463203584 0.6728472408 0.7207893672 0.7443457311 0.7679020949 0.7906296399 0.8293639399 0.8680982398 0.9068325398 0.9518606262 0.9667877594 0.9960308688 1.036563045 1.088293353 1.099498512 1.125411456 1.151324401 1.177237346 1.20315029 1.229063235 -1.787833843e-05 -1.002373953e-05 -2.169140636e-06 4.323116265e-07 4.852028283e-06 9.271744933e-06 1.369146158e-05 -1.217826448 -1.191435636 -1.165044824 -1.138654012 -1.119376742 -1.096341457 -1.073306173 -1.050270889 -1.027235605 -0.9747192648 -0.9346546067 -0.8872936055 -0.8824971431 -0.9022109904 -0.7774366258 -0.7513476197 -0.7252586136 -0.6991696075 -0.6730806014 -0.6469915953 -0.6209025892 -0.5948135831 -0.568724577 -0.5426355709 -0.5165465648 -0.4904575587 -0.4643685526 -0.4382795465 -0.4121905404 -0.3861015343 -0.3600125282 -0.3339235221
	 0.3252147699 0.352369584 0.3795243981 0.4066792122 0.4338340263 0.4609888405 0.4881436546 0.5152984687 0.5402333689 0.5667602513 0.5932871338 0.6198140162 0.6460074914 0.6695638552 0.6931202191 0.716676583 0.7402329468 0.7637893107 0.824677401 0.8634117009 0.9021460009 0.9308329525 0.970523562 1.074783852 1.034618356 1.085072933 1.13552751 1.210782057 1.230209937 1.249637816 1.273666265 1.297111304 -1.974009739e-05 -6.808020562e-06 -2.388303908e-06 2.031412746e-06 6.451129395e-06 1.087084605e-05 1.000799087e-05 -1.295543646 -1.267887738 -1.235322723 -1.177373831 -1.159372413 -1.133956156 -1.110920872 -1.067715333 -1.027650675 -1.0063365 -0.9482910423 -0.8902455846 -0.8589374713 -0.8541528601 -0.8220251855 -0.7898975109 -0.7069619169 -0.6808729108 -0.6547839047 -0.6286948986 -0.6026058925 -0.5765168864 -0.5504278803 -0.5243388742 -0.4982498681 -0.472160862 -0.4460718559 -0.4199828498 -0.3938938437 -0.3678048376 -0.3417158315 -0.3249410454
	 0.3016517352 0.3288065493 0.3559613635 0.3831161776 0.4102709917 0.4374258058 0.4645806199 0.491735434 0.5188902481 0.5460450622 0.5712256156 0.5947819794 0.6183383433 0.6418947071 0.665451071 0.6890074348 0.7125637987 0.7361201626 0.8199908621 0.858725162 0.8653390692 0.9050296787 0.9890865241 1.059117298 1.149023747 1.163849218 1.233446322 1.282370453 1.332825029 1.383279606 1.433734183 1.378828957 -8.408040575e-07 -8.146236365e-06 -3.726519715e-06 -1.587813664e-06 2.141125709e-06 5.870065078e-06 9.599004446e-06 -1.436848331 -1.385463119 -1.334360116 -1.283257113 -1.241906717 -1.200934261 -1.232298076 -1.125379395 -1.067333937 -1.009288479 -0.9512430215 -0.8863259327 -0.8423365394 -0.8060947298 -0.7739670552 -0.7418393806 -0.709711706 -0.6775840314 -0.636487208 -0.6103982019 -0.5843091958 -0.5582201897 -0.5321311836 -0.5060421775 -0.4799531714 -0.4538641653 -0.4277751592 -0.4016861531 -0.375597147 -0.3495081409 -0.3236018213 -0.3113078359
	 0.2492371784 0.3052435147 0.3323983288 0.3595531429 0.386707957 0.4138627711 0.4410175852 0.4681723993 0.4953272135 0.4958640659 0.5216859024 0.5475077388 0.5733295752 0.5991514116 0.6249732481 0.6613382867 0.6848946506 0.7084510144 0.8153043232 0.7998451858 0.8395357954 0.9033891962 0.995131497 1.067458643 1.13978579 1.221007329 1.290604433 1.360201538 1.429798642 1.499395747 1.575659211 1.795139661 -6.209598799e-06 -8.261482105e-06 -4.532542736e-06 -8.036033665e-07 2.925336004e-06 6.654275371e-06 5.606331811e-06 -1.636490457 -1.654260377 -1.549484385 -1.444708394 -1.339932403 -1.34255303 -1.20079755 -1.137004002 -1.073034743 -1.005251556 -0.9443989793 -0.8682180984 -0.7922391477 -0.7594766309 -0.7267141142 -0.6939515975 -0.6616535757 -0.6295259011 -0.5973982266 -0.565270552 -0.5660124992 -0.539923493 -0.5138344869 -0.4877454808 -0.4616564747 -0.4355674686 -0.4094784625 -0.3833894564 -0.3573004503 -0.3222625972 -0.2956054193 -0.2704597083
	 0.2327932827 0.28168048 0.3088352941 0.3359901082 0.3631449224 0.3902997365 0.4174545506 0.4011368663 0.4269587027 0.4527805391 0.4786023755 0.504424212 0.5302460484 0.5560678848 0.5818897212 0.6077115576 0.6335333941 0.5821462577 0.7477488907 0.764198073 0.805466559 0.9112712981 0.9474253481 1.000965638 1.054505929 1.108046219 1.35968371 1.43556668 1.51144965 1.580142469 1.994008286 2.642431486 -2.243336851e-06 -2.276012879e-06 -2.276012868e-06 -2.857095808e-06 4.226115591e-06 4.226115596e-06 5.751275985e-06 -2.20437074 -1.939078093 -1.834302102 -1.81262721 -1.444395109 -1.197032162 -1.133062903 -1.069093644 -1.005124385 -0.9411551258 -0.9143258603 -0.8076659336 -0.7160881587 -0.7093792392 -0.6766167225 -0.6438542057 -0.611091689 -0.5783291723 -0.5455666556 -0.5172124217 -0.4850847471 -0.4529570725 -0.4955377903 -0.4694487842 -0.4433597781 -0.417270772 -0.3911817659 -0.3650927598 -0.3209233732 -0.2480415016 -0.2446428422 -0.25126522
	 0.216349387 0.2581174454 0.2852722595 0.3124270736 0.3395818877 0.3064096666 0.332231503 0.3580533394 0.3838751759 0.4096970123 0.4355188487 0.4613406851 0.4871625216 0.512984358 0.4945552923 0.4968060061 0.5053654087 0.5139248112 0.5224842138 0.6853486819 0.6994640782 0.7544531816 0.8077512575 0.8582847652 0.9245270486 1.005989437 0.7767422961 1.190608113 1.642514167 1.580546917 1.635025088 1.689503258 0.286140458 0.4039930264 0.2381948296 0.1399014083 0.06761979777 -0.2937523975 -0.127751648 -2.583707284 -2.152532101 -1.721356918 -1.278832749 -1.012901842 -1.098001103 -1.026649248 -0.9583709929 -0.8900927383 -0.8218144837 -0.7692351733 -0.707364062 -0.6242997581 -0.6068934401 -0.5894871221 -0.5720808041 -0.5546744861 -0.5372681681 -0.5198618501 -0.4627067471 -0.4299442304 -0.3971817137 -0.3727712676 -0.3406435931 -0.4250630814 -0.3989740753 -0.3728850692 -0.3467960631 -0.2222246355 -0.2327022787 -0.2275763824 -0.222450486
	 0.1999054914 0.2085687151 0.2617092248 0.2116824669 0.2375043034 0.2633261398 0.2882572949 0.3102025566 0.3321478182 0.3540930799 0.3756341346 0.3856034183 0.395572702 0.4055419857 0.4155112694 0.4254805531 0.4354498369 0.4662936787 0.5474394352 0.5499679471 0.5640833434 0.5788981115 0.6321961874 0.6854942633 0.7387923392 0.7261985105 0.8732725678 0.8044405262 0.7352066197 0.5583713783 0.6033793188 0.6483872593 1.11041787 0.4232659055 0.2393487338 0.09633881893 -0.07064173932 -0.1660669109 -0.4393410333 -0.4393410333 -1.287743799 -0.856568616 -0.4253934333 -0.8781196388 -0.8580024286 -0.8378852183 -0.817768008 -0.7376490099 -0.6693707553 -0.6214091812 -0.5991927405 -0.5325113575 -0.5151050395 -0.4976987215 -0.4802924035 -0.4628860855 -0.4454797675 -0.4280734496 -0.4106671316 -0.3932608136 -0.3758544956 -0.3584481776 -0.3410418596 -0.2487967718 -0.2283301136 -0.3545883725 -0.2141393375 -0.2090134411 -0.2038875447 -0.1987616484 -0.193635752
	 0.1756736024 0.1822836793 0.1436249933 0.1655702549 0.1875155166 0.2094607783 0.2567129768 0.2666822605 0.2766515442 0.286620828 0.2965901117 0.3065593954 0.3165286791 0.3264979628 0.3364672466 0.3464365303 0.3607212386 0.3702905132 0.415166154 0.4242356384 0.4287026086 0.4428180049 0.4566411173 0.5071389056 0.5095540082 0.5794024571 0.5185942116 0.4577859661 0.3969777205 0.336169475 0.3483350584 0.296519571 0.4104798839 0.3313343335 0.2521887831 0.1558651373 0.01285522246 -0.03838142436 -0.305737068 -0.4565279766 -0.7509304185 -0.07934130777 -0.5978964428 -0.5894474464 -0.58099845 -0.5978865441 -0.5777693338 -0.5576521235 -0.5375349133 -0.4735831891 -0.491021419 -0.440722957 -0.423316639 -0.405910321 -0.388504003 -0.3684888098 -0.3516533764 -0.3348179429 -0.3179825094 -0.2985654843 -0.280263721 -0.2619619577 -0.2436601945 -0.2253584312 -0.2640459347 -0.2664988933 -0.1412754821 -0.137166323 -0.1382312959 -0.1699469144 -0.164821018
	 0.1446625736 0.1278225354 0.1377918191 0.1477611028 0.1577303865 0.1676996702 0.1776689539 0.1876382377 0.1976075214 0.2075768051 0.2175460888 0.2275153725 0.2374846562 0.24745394 0.2455795238 0.2551487984 0.2647180731 0.2738233883 0.2828928728 0.2919623572 0.3010318416 0.3074372701 0.3131533332 0.3137148555 0.3220390789 0.3025967599 0.283154441 0.263712122 0.244269803 0.2248274841 0.2085233909 0.1886029013 0.3249401972 0.2469393169 0.1689384366 0.09093755632 0.01293667604 -0.06506420425 -0.1430650845 -0.2502788385 -0.2496151751 -0.2840036594 -0.341623299 -0.3390347337 -0.3357367184 -0.3354084056 -0.3350800929 -0.3347517801 -0.3344234673 -0.3340951545 -0.3170553902 -0.342606014 -0.3243042507 -0.3060024875 -0.2877007242 -0.2693989609 -0.2510971976 -0.2327954344 -0.2144936711 -0.1961919078 -0.1778901445 -0.1996838342 -0.1974429219 -0.1877403297 -0.1901932882 -0.1926462468 -0.09878266727 -0.1017518539 -0.1047210406 -0.1016453666 -0.1027103395
	 -0.00420341601 0.124408557 0.07541131041 0.08321517435 0.09101903829 0.09882290223 0.1066267662 0.1144306301 0.1222344941 0.130038358 0.1378422219 0.1484713497 0.130437809 0.1527365953 0.1601231578 0.1675097202 0.1748962827 0.1578589366 0.1696298975 0.1820084543 0.1800984933 0.1781885322 0.1889711443 0.2163766739 0.1970549531 0.1668473455 0.1565030887 0.1461588319 0.1358145751 0.1254703183 0.09987836381 0.07359399673 0.09260374128 0.09469745274 0.1475482211 0.09164183584 0.03573545061 -0.02017093461 -0.07607731984 -0.1319837051 -0.1977451628 -0.1625319605 -0.1615494909 -0.1641586448 -0.1869786537 -0.1866503409 -0.1863220281 -0.1859937153 -0.187856562 -0.1881781346 -0.1884674741 -0.1887568136 -0.1890461531 -0.203628911 -0.1853271477 -0.1670253844 -0.1487236211 -0.1304218579 -0.1245916299 -0.1223507176 -0.1201098053 -0.108981766 -0.1114347246 -0.1138876831 -0.1163406417 -0.1187936002 -0.05628985242 -0.0592590391 -0.06222822577 -0.06519741245 -0.06816659913
	 -0.04206574649 0.06405320647 0.05717224816 0.05029128985 0.01966159083 0.02746545477 0.03526931871 0.04307318265 0.05087704659 0.05868091053 0.06648477448 0.07428863842 0.07031423891 0.06775851028 0.06520278165 0.06264705302 0.07548494447 0.06608728604 0.06417732503 0.06226736403 0.06035740303 0.05844744202 0.05653748102 0.06345831076 0.07377213976 0.06342788297 0.05308362619 0.0427393694 0.03239511262 0.02205085583 0.01170659905 0.03919399924 0.0325708102 0.03510075 0.0376306898 0.03851852597 0.04061223744 0.02299002244 -0.03291636278 -0.08882274801 -0.05177087642 -0.04313215428 -0.04574130822 -0.04835046216 -0.0509596161 -0.05901162251 -0.05514574431 -0.05961629271 -0.06219060522 -0.06217898145 -0.06216735769 -0.06016889745 -0.06045823695 -0.06074757645 -0.0829535712 -0.06465180793 -0.04725851325 -0.04501760098 -0.04277668871 -0.04053577644 -0.03267616098 -0.03512911952 -0.03758207807 -0.04003503661 -0.04248799516 -0.0449409537 -0.04739391225 -0.01676622425 -0.01973541093 -0.02270459761 -0.02567378428
	 -0.07992807696 0.003697855916 -0.003183102395 -0.01006406071 -0.01694501902 -0.02382597733 -0.03608812875 -0.02828426481 -0.02048040087 -0.01267653693 -0.004872672984 0.002931190957 -0.01632961815 -0.01888534678 -0.02144107541 -0.02399680404 -0.04208706461 -0.04818732361 -0.05428758261 -0.06038784161 -0.06648810062 -0.06129364821 -0.06320360921 -0.06182004401 -0.05151565569 -0.05241282216 -0.05330998863 -0.04848472242 -0.04496298348 -0.03944572624 -0.03392846901 -0.02841121177 -0.03663722674 -0.03361782436 -0.03059842197 -0.02757901959 -0.0245596172 -0.02036812743 -0.016908764 0.06801790262 0.0115488216 0.01875051247 0.05876791941 0.0626337976 0.0664996758 0.07036555399 0.07423143218 0.06072439958 0.06154775305 0.06155937682 0.06157100059 0.06158262435 0.04467145196 0.04269604852 0.0670635842 0.06043845499 0.05381332578 0.04718819657 0.0244343904 0.04362944409 0.04117648555 0.038723527 0.03627056846 0.03381760991 0.03136465137 0.02891169282 0.02645873428 0.02572659059 0.02275740391 0.01978821724 0.01681903056
	 -0.121834547 -0.08190739183 -0.09332949083 -0.07041941126 -0.07730036957 -0.08418132788 -0.09106228619 -0.09964171227 -0.09183784833 -0.08403398439 -0.07623012044 -0.1004177466 -0.1029734752 -0.1055292038 -0.1080849325 -0.1441310302 -0.1502312892 -0.1563315482 -0.1624318072 -0.1685320662 -0.1723210034 -0.1934734319 -0.2146258603 -0.2357782888 -0.2012944035 -0.1790710456 -0.1568476878 -0.13462433 -0.1124009721 -0.110740075 -0.1058996704 -0.1010592659 -0.1124275076 -0.1089681442 -0.142483962 -0.08186804913 -0.02125213621 0.0393637767 0.06963088492 0.1252600567 0.1470519739 0.1550112477 0.1629705216 0.1709297954 0.1823472605 0.1934821559 0.2046170513 0.2006918672 0.1896342493 0.1806517871 0.178427809 0.178022282 0.1760468786 0.178925525 0.1707127055 0.157837402 0.1449620986 0.1320867951 0.1435435197 0.1320612171 0.1205789145 0.1090966119 0.09761430927 0.08613200665 0.1052172979 0.1027643393 0.1003113808 0.09785842226 0.06525021876 0.06228103208 0.05931184541
	 -0.1548433775 -0.1289050439 -0.1403271429 -0.1517492419 -0.1631713409 -0.1445366784 -0.1514176367 -0.1582985951 -0.1651795534 -0.1553914318 -0.1475875679 -0.1870616037 -0.1896173323 -0.2400747368 -0.2461749958 -0.2522752548 -0.2253861078 -0.2465385363 -0.2676909647 -0.2888433932 -0.3099958216 -0.3354796943 -0.3582075565 -0.3809354188 -0.3630847197 -0.3341051986 -0.3051256776 -0.2761461565 -0.2471666355 -0.2228082431 -0.1685297811 -0.1459986859 -0.3836892728 -0.2690695362 -0.1544497997 -0.06193145147 -0.001315538552 0.07124386721 0.126873039 0.1825022108 0.2825551261 0.2905144 0.2984736738 0.2969579732 0.3485333066 0.4267759352 0.3651864406 0.3738387725 0.3441550777 0.3144713828 0.3092723214 0.3070483433 0.2912404137 0.2783651102 0.2654898067 0.2526145033 0.2397391998 0.2268638964 0.2289951038 0.2175128012 0.2060304985 0.1945481959 0.1830658933 0.1662524116 0.153492165 0.1407319185 0.1279716719 0.110858147 0.106337317 0.1034654486 0.1005935803
	 -0.1878522079 -0.1759026959 -0.1873247949 -0.1987468939 -0.2101689929 -0.2215910919 -0.233013191 -0.24443529 -0.2255349039 -0.2324158622 -0.2783091217 -0.2846483709 -0.2748822297 -0.2996036407 -0.3207560691 -0.3419084975 -0.363060926 -0.3798216185 -0.4025494807 -0.425277343 -0.4480052052 -0.4707330675 -0.4934609297 -0.516188792 -0.5293436023 -0.5003640813 -0.4724118517 -0.4505343839 -0.428656916 -0.4347764905 -0.413116426 -0.3914563615 -0.517387769 -0.3856521839 -0.2539165988 -0.1221810137 0.009554571455 0.1906284297 0.3403752028 0.4901219759 0.2553435497 0.4803628279 0.5258895888 0.5992563936 0.6774990222 0.5939119803 0.5579232406 0.5295037248 0.4998200299 0.4701363351 0.4404526402 0.4378928556 0.3860175149 0.3794886807 0.3650916206 0.3506945605 0.3362975004 0.3172178342 0.3044575876 0.2916973411 0.2789370945 0.266176848 0.2534166014 0.2406563549 0.2244172937 0.2053426995 0.1862681053 0.1671935111 0.1448378481 0.1419659798 0.1390941115
	 -0.2208610384 -0.222900348 -0.234322447 -0.245744546 -0.257166645 -0.268588744 -0.280010843 -0.291432942 -0.302855041 -0.31427714 -0.3434249829 -0.3407907187 -0.3727965188 -0.4048023188 -0.434860102 -0.4584640662 -0.4820680304 -0.5056719946 -0.5292759588 -0.5528799229 -0.5764838871 -0.6000878513 -0.6236918155 -0.6472957797 -0.5155357364 -0.7213027604 -0.9628846149 -0.9470454312 -0.9312062476 -0.9153670639 -0.8995278802 -0.6410069253 -0.8129731636 -0.4495546969 -0.3206242635 -0.1248629533 0.07089835693 0.2666596671 0.4624209774 1.031157742 0.970124862 0.9454674073 0.9208099527 0.8299248509 0.9663346285 0.7976234573 0.7502958131 0.7029681689 0.6534090179 0.619777279 0.5861455401 0.5525138012 0.4989374552 0.4845403951 0.470143335 0.4171422706 0.4043820241 0.3916217775 0.378861531 0.3661012844 0.3533410379 0.3379764403 0.3189018462 0.299827252 0.2807526578 0.2616780636 0.2519117584 0.2261204541 0.1853060942 0.1790699681 0.172833842
	 -0.258475901 -0.269898 -0.281320099 -0.292742198 -0.304164297 -0.315586396 -0.3226729122 -0.3372611129 -0.3518493136 -0.3664375143 -0.3810257151 -0.3994960823 -0.4315018823 -0.4635076823 -0.4955134823 -0.5275192824 -0.5673597853 -0.5988050209 -0.6302502566 -0.6616954923 -0.693140728 -0.7245859637 -0.5276850247 -0.7334520488 -0.9392190729 -1.144986097 -1.350753121 -1.556520145 -1.762287169 -1.950221422 -1.740208309 -1.802746906 -0.192737936 -0.17170079 -0.17170079 -0.08718260976 -0.08718260976 0.3566817112 0.08906011523 1.737497352 2.340951508 1.983110769 1.62527003 1.258067368 0.8887274197 1.002682194 0.9452651674 0.8882967235 0.7925065936 0.7451789493 0.7213740368 0.6877422978 0.6541105589 0.5895921096 0.5043064605 0.4915462139 0.4787859674 0.4660257208 0.451535587 0.4650617512 0.4392704469 0.4134791426 0.3876878382 0.3618965339 0.3361052296 0.3103139253 0.284522621 0.2587313167 0.2106371605 0.2044010344 0.1981649083
	 -0.3054735531 -0.3168956521 -0.3019208414 -0.3165090422 -0.3310972429 -0.3456854436 -0.3602736443 -0.3748618451 -0.3894500458 -0.4040382465 -0.4186264472 -0.433214648 -0.4902072458 -0.5222130458 -0.5542188459 -0.5862246459 -0.6182304459 -0.6869505223 -0.718395758 -0.7498409937 -0.7812862294 -0.8701335976 -0.9134259309 -0.7718736478 -0.9714352032 -1.170996759 -1.370558314 -1.57011987 -1.769681425 -1.96924298 -1.87020302 -1.875006968 -1.234710603e-05 2.633103113e-06 3.028190017e-06 7.347375418e-07 7.789418357e-06 -4.987502956e-06 9.284535813e-08 2.067776399 1.925267211 1.782758023 1.640248835 1.497739647 1.263614273 0.8942743246 1.018351213 0.9609341868 0.9035171605 0.8461001341 0.8102588186 0.837021135 0.6981146527 0.6539566838 0.6075694755 0.5869287178 0.5940810976 0.5696557186 0.5234639181 0.4976726138 0.4718813095 0.4460900052 0.4202987009 0.3945073966 0.3687160923 0.342924788 0.3171334837 0.2913421794 0.2655508751 0.2297321007 0.2234959746
	 -0.30599156 -0.3082339526 -0.3271262205 -0.3460184884 -0.3649107562 -0.3838030241 -0.402695292 -0.4124625773 -0.427050778 -0.4416389787 -0.4562271794 -0.4708153802 -0.5489126093 -0.5809184094 -0.6129242094 -0.6449300094 -0.6769358094 -0.699956617 -0.7283207583 -0.8105476075 -0.8538399408 -0.8971322741 -0.9404246074 -0.9837169407 -1.042283497 -1.123066819 -1.203850141 -1.284633463 -1.365416784 -1.446200106 -1.706476134 -1.603224579 -1.712354306e-05 5.577911196e-06 4.507540921e-06 2.027091521e-06 -4.533578799e-07 -2.93380728e-06 -3.795608498e-06 1.637900173 1.511209887 1.441513578 1.370348444 1.299183309 1.228018174 1.149598086 1.087777154 0.9935502218 0.9377511149 0.9142621484 0.8705449768 0.8268278052 0.7567427015 0.7080763432 0.6587908741 0.6338583435 0.6094329644 0.5850075854 0.5605822064 0.5302834765 0.5044921722 0.4787008679 0.4529095636 0.4271182593 0.401326955 0.3755356507 0.3497443464 0.3239530421 0.2981617378 0.255063167 0.2488270409
	 -0.3106188184 -0.3259211771 -0.3412235357 -0.3565258944 -0.371828253 -0.3852471952 -0.4041394631 -0.4458225801 -0.4690752514 -0.4923279227 -0.515580594 -0.5388332653 -0.5654229042 -0.5969006971 -0.62837849 -0.6735377508 -0.701901892 -0.7302660333 -0.7904621535 -0.8311931957 -0.8719242379 -0.9126157766 -0.9559081099 -0.9992004432 -1.042492776 -1.05781441 -1.138597732 -1.212870244 -1.265157702 -1.31744516 -1.369732617 -1.422020075 2.01229168e-05 1.074518779e-05 1.367458774e-06 -3.272903217e-06 -5.753352618e-06 -8.233802018e-06 -1.071425142e-05 1.362600685 1.328628557 1.294656428 1.237390778 1.182687602 1.147291046 1.112966857 1.051145925 1.004111084 0.9649733276 0.9288587365 0.8851415649 0.8414243933 0.7977072217 0.7539900501 0.6736355893 0.6573744543 0.6312202955 0.6050661367 0.5789119779 0.5527578191 0.5266036603 0.5035615923 0.4855204263 0.459729122 0.4339378177 0.4081465134 0.3823552091 0.3565639048 0.3307726005 0.3049812962 0.2741581072
	 -0.3152460767 -0.3305484354 -0.3458507941 -0.3611531527 -0.3764555114 -0.39175787 -0.470160188 -0.498949871 -0.4836220392 -0.5068747105 -0.5301273818 -0.5533800531 -0.5827964538 -0.6142742467 -0.6457520396 -0.6772298325 -0.7087076254 -0.7753304941 -0.7949497724 -0.8351666092 -0.875383446 -0.9156002828 -0.9558171196 -0.9869732562 -1.03026559 -1.076885021 -1.106745096 -1.136605171 -1.166465246 -1.196325322 -1.226185397 -1.243223158 1.184241976e-05 1.008628373e-05 1.230203122e-05 2.924302211e-06 -6.453426804e-06 -1.583115582e-05 -1.506934835e-05 1.231596939 1.209807873 1.188547024 1.16506402 1.112201125 1.093268206 1.061766061 1.022940476 0.9841148904 0.9452893049 0.9064637193 0.8678011031 0.828663347 0.8123038098 0.7676682055 0.7307022196 0.6730090487 0.6468548899 0.6207007311 0.5945465723 0.5683924135 0.5422382547 0.5160840958 0.489929937 0.4637757782 0.4488347628 0.4266245303 0.4044142978 0.3822040652 0.3633834632 0.3375921589 0.2994891735
	 -0.3198733351 -0.3351756937 -0.3504780524 -0.3657804111 -0.3810827697 -0.3963851284 -0.4564525649 -0.4852422479 -0.5140319309 -0.5428216139 -0.5716112969 -0.5686922104 -0.6001700033 -0.6316477962 -0.6631255892 -0.6946033821 -0.726081175 -0.7709592319 -0.8046509349 -0.8383426379 -0.8655126603 -0.9057294971 -0.9440552817 -0.9788418549 -1.009689209 -1.039952356 -1.070215502 -1.100478649 -1.130741795 -1.136675293 -1.154816481 -1.172957669 2.29061798e-05 1.987680218e-05 1.684742456e-05 1.381804694e-05 -1.370551197e-05 -2.308324098e-05 -3.246096999e-05 1.15860679 1.137132053 1.115881699 1.104612198 1.092978018 1.074045099 1.05511218 1.01248833 0.9736627444 0.9348371589 0.8960115734 0.8571859878 0.8206440301 0.7830432745 0.762181621 0.7303318387 0.6984820563 0.6521887424 0.6363353255 0.6101811667 0.5840270078 0.557872849 0.5317186902 0.5055645314 0.4794103726 0.4532562138 0.427102055 0.4009478962 0.3941079334 0.3718977008 0.3496874683 0.335047951
	 -0.3134226323 -0.3398029521 -0.3551053107 -0.3704076694 -0.3857100281 -0.4139552587 -0.4427449417 -0.4715346248 -0.5003243078 -0.5291139908 -0.5579036738 -0.6093476289 -0.6055018645 -0.6402090234 -0.6804991387 -0.7119769316 -0.7434547246 -0.7665879698 -0.8002796728 -0.8339713757 -0.8791584721 -0.9134378393 -0.938017303 -0.9689953085 -1.00557542 -1.012683434 -1.060414655 -1.078555843 -1.096697031 -1.11483822 -1.130307659 -1.142403685 2.580245629e-05 1.785737509e-05 -4.28797115e-07 -3.458174735e-06 -6.487552355e-06 -9.516929975e-06 -2.140874934e-05 1.122348641 1.11107914 1.099809638 1.088540136 1.077270634 1.054821991 1.035889072 1.002036184 0.9673141912 0.9297134356 0.89211268 0.8626097728 0.8283755302 0.7941412875 0.7899309837 0.740124014 0.7073370384 0.6745500627 0.6417630871 0.5978486086 0.5749165448 0.5519844811 0.5290524173 0.5061203536 0.4831882898 0.460256226 0.4373241623 0.4143920985 0.3914600348 0.368527971 0.3569609362 0.3419834719
	 -0.3180342102 -0.3444302104 -0.3597325691 -0.3750349278 -0.3903372864 -0.4002476356 -0.4290373186 -0.4578270016 -0.4866166847 -0.5154063677 -0.5554400589 -0.5904162037 -0.6253923485 -0.6603684933 -0.680973132 -0.7156802908 -0.7503874497 -0.7699127958 -0.804192163 -0.8384715302 -0.8727508974 -0.9070302646 -0.9461475931 -0.9771255986 -1.001114593 -1.028450356 -1.057954912 -1.079616776 -1.101862707 -1.122931401 -1.144000094 -1.165068788 1.743145233e-05 1.440207471e-05 1.137269709e-05 -7.586098393e-06 -9.990551841e-06 -1.239500529e-05 -1.479945874e-05 1.159934561 1.138863141 1.11779172 1.0967203 1.07564888 1.052119994 1.026068972 1.002244483 0.9680102401 0.9337759974 0.8989376647 0.8672206072 0.8355035497 0.8202426957 0.777922483 0.7319545975 0.6991676219 0.6663806463 0.6335936706 0.600806695 0.5664405385 0.5435084748 0.520576411 0.4976443473 0.4747122835 0.4517802198 0.428848156 0.4529288062 0.4274501805 0.3987978604 0.3899770674 0.3811562744
	
END
startXY xlist 71	
	-1.5	-1.457142857	-1.414285714	-1.371428571	-1.328571429
	-1.285714286	-1.242857143	-1.2	-1.157142857	-1.114285714
	-1.071428571	-1.028571429	-0.9857142857	-0.9428571429	-0.9
	-0.8571428571	-0.8142857143	-0.7714285714	-0.7285714286	-0.6857142857
	-0.6428571429	-0.6	-0.5571428571	-0.5142857143	-0.4714285714
	-0.4285714286	-0.3857142857	-0.3428571429	-0.3	-0.2571428571
	-0.2142857143	-0.1714285714	-0.1285714286	-0.08571428571	-0.04285714286
	  0	0.04285714286	0.08571428571	0.1285714286	0.1714285714
	0.2142857143	0.2571428571	0.3	0.3428571429	0.3857142857
	0.4285714286	0.4714285714	0.5142857143	0.5571428571	0.6
	0.6428571429	0.6857142857	0.7285714286	0.7714285714	0.8142857143
	0.8571428571	0.9	0.9428571429	0.9857142857	1.028571429
	1.071428571	1.114285714	1.157142857	1.2	1.242857143
	1.285714286	1.328571429	1.371428571	1.414285714	1.457142857
	1.5	
END
startXY ylist 71	
	-0.5	-0.4842857143	-0.4685714286	-0.4528571429	-0.4371428571
	-0.4214285714	-0.4057142857	-0.39	-0.3742857143	-0.3585714286
	-0.3428571429	-0.3271428571	-0.3114285714	-0.2957142857	-0.28
	-0.2642857143	-0.2485714286	-0.2328571429	-0.2171428571	-0.2014285714
	-0.1857142857	-0.17	-0.1542857143	-0.1385714286	-0.1228571429
	-0.1071428571	-0.09142857143	-0.07571428571	-0.06	-0.04428571429
	-0.02857142857	-0.01285714286	0.002857142857	0.01857142857	0.03428571429
	0.05	0.06571428571	0.08142857143	0.09714285714	0.1128571429
	0.1285714286	0.1442857143	0.16	0.1757142857	0.1914285714
	0.2071428571	0.2228571429	0.2385714286	0.2542857143	0.27
	0.2857142857	0.3014285714	0.3171428571	0.3328571429	0.3485714286
	0.3642857143	0.38	0.3957142857	0.4114285714	0.4271428571
	0.4428571429	0.4585714286	0.4742857143	0.49	0.5057142857
	0.5214285714	0.5371428571	0.5528571429	0.5685714286	0.5842857143
	0.6	
END
