startDATA metal1 71 71	
	 0.3753936465 0.3698048937 0.3639472744 0.3578207886 0.3514254365 0.3447612178 0.3378272726 0.3305756733 0.3230149272 0.3150987303 0.3066638333 0.2977102363 0.2882372176 0.2782515997 0.2677685882 0.2567881832 0.2453103847 0.2333351927 0.2208626072 0.2079402253 0.1946076684 0.1807093305 0.1662543141 0.1512848117 0.1357249955 0.1195691324 0.1027610739 0.08566871972 0.06838179824 0.05090030943 0.03318667673 0.01511972015 9.999999697e-06 9.9999985e-06 9.999998099e-06 9.999998494e-06 9.999998569e-06 9.999999198e-06 9.999999872e-06 0.01505752713 0.03312219884 0.05082744518 0.06819676605 0.08531093206 0.1021135434 0.1186108052 0.1347868759 0.1504527953 0.1655860606 0.1801866718 0.1942558748 0.2077469133 0.2206794762 0.2330753771 0.2449512306 0.2563544664 0.2664012153 0.2755285904 0.2844007304 0.2930176352 0.3013793049 0.3094857395 0.317336939 0.3249329034 0.3322736326 0.3393591267 0.3461893856 0.3527644095 0.3590841982 0.3651487518 0.3709580703
	 0.3781809302 0.3727604833 0.36707117 0.3611129903 0.3548859441 0.3483911982 0.3417167309 0.3347008701 0.3273436157 0.3196308623 0.3114262888 0.3027030153 0.2934610417 0.2837003681 0.2734209944 0.2626229206 0.2513061468 0.2394706729 0.2271105018 0.2140820895 0.2004891619 0.1865775723 0.171968791 0.1567443328 0.140945995 0.1245925592 0.107604631 0.0901272172 0.07213259847 0.05377588979 0.03505515309 0.01594225637 9.999999895e-06 9.999999261e-06 9.999999173e-06 9.999999131e-06 9.999999134e-06 9.999999182e-06 9.999999751e-06 0.01572052302 0.0346676106 0.05321129626 0.07130364989 0.08905364352 0.1063873921 0.1233242787 0.1398330253 0.1557998503 0.1712247538 0.1860390578 0.2002981406 0.2140055228 0.2271355458 0.2396086042 0.2515193664 0.2624927429 0.2728132253 0.2820323785 0.2907949916 0.2992710341 0.307460506 0.3153634072 0.3229797378 0.3303094978 0.3373526871 0.3441093059 0.350579354 0.3567628315 0.3626597384 0.3682700746 0.3735938403
	 0.3831916473 0.3779395064 0.3724184991 0.3666286253 0.3605698851 0.3544555112 0.3480167824 0.34123666 0.3341151442 0.3266522348 0.3187791784 0.3102862284 0.3012745783 0.2917522563 0.2818432799 0.2714508303 0.2605749077 0.2490717139 0.2367920815 0.2240020421 0.2107247183 0.1967026199 0.1819078446 0.1665043424 0.1504921134 0.1339177042 0.1165206777 0.09794730579 0.07869113795 0.05896734921 0.03861679043 0.01763946162 1.000000029e-05 1.000000188e-05 1.000000353e-05 1.000000522e-05 1.000000405e-05 1.00000024e-05 1.000000036e-05 0.0175606944 0.0383368655 0.05846053964 0.07793171683 0.09675039706 0.1149165803 0.1326264997 0.1494037701 0.1654532735 0.1809608554 0.1959265156 0.2103502542 0.2241799458 0.2372238786 0.2493246705 0.2607708721 0.2713308267 0.2814253477 0.2910544351 0.3002180888 0.308916309 0.3171490955 0.3246244673 0.3317230391 0.3385350403 0.3450604709 0.3512993309 0.3572516203 0.362917339 0.3682964871 0.3733890646 0.378215664
	 0.3904257979 0.385341963 0.3799892617 0.3743676939 0.3687920144 0.3629304175 0.3567274271 0.3501830432 0.3432972657 0.3361771589 0.328852801 0.3212478303 0.3127787809 0.3038262583 0.2943902627 0.2844707939 0.2741906015 0.2632792593 0.2516884737 0.2394182447 0.2265633636 0.2131142333 0.1985389223 0.1826705201 0.1663537396 0.1492262124 0.1309223397 0.1111526741 0.09026978894 0.06831846235 0.04529869433 0.02121048488 1.000000062e-05 1.000000178e-05 1.000000254e-05 1.00000029e-05 1.000000286e-05 1.000000192e-05 1.000000064e-05 0.02051145112 0.04435281017 0.06701437742 0.08836171878 0.1087988205 0.1284937949 0.1472553692 0.1648943269 0.1810365538 0.1967357698 0.2115987514 0.2256958974 0.2388874831 0.2511607809 0.2624638479 0.2730677295 0.2831254353 0.2928183894 0.3021607051 0.3110983974 0.3195706562 0.3275774813 0.3351188727 0.3421948306 0.3488053549 0.3549504455 0.3606803569 0.3662352206 0.3716398487 0.376894241 0.3819983976 0.3869523185
	 0.399883382 0.3949678531 0.3897834577 0.3847262402 0.3794417753 0.3738158714 0.3679656834 0.3618956408 0.3556057438 0.3490959921 0.342366386 0.3354169253 0.3282476101 0.3200705532 0.3111894962 0.3023258876 0.2927828355 0.2825603401 0.2716584012 0.2600770189 0.2478161932 0.2348715715 0.2212805612 0.2063870623 0.1895225519 0.1722376137 0.1542751424 0.1332611765 0.1099640443 0.08438374553 0.05652028038 0.0263736488 1.000000044e-05 1.000000193e-05 1.000000222e-05 1.000000242e-05 1.000000303e-05 1.000000231e-05 1.000000036e-05 0.02493480788 0.05393534827 0.08132646359 0.1071081539 0.1312804191 0.1538676882 0.1735527092 0.1895734406 0.2037176926 0.2185464677 0.2327362992 0.2460078428 0.2583610984 0.2697536978 0.2799161568 0.2897200736 0.2991654482 0.3082522807 0.3168823333 0.325146118 0.3330451511 0.3407259761 0.3480414062 0.3548914026 0.3612759655 0.3671950947 0.3727741136 0.378208318 0.3834922867 0.3886260196 0.3936095168 0.3984427783
	 0.4103743329 0.4061331494 0.4017757126 0.3973147907 0.3926340142 0.3877333832 0.3826128977 0.3772725576 0.371712363 0.3659323138 0.3599324101 0.3537126518 0.3472730391 0.3404384316 0.3322085475 0.3242348722 0.3157126537 0.3066026896 0.2969049798 0.2866195244 0.2757463234 0.2642853767 0.252364414 0.2392549066 0.2217402302 0.2059363353 0.1921951693 0.1742014866 0.1519552873 0.1249814397 0.09075692657 0.05011084384 0.01197703957 0.01141854603 0.01132588759 0.01045950295 0.01012475228 0.01089259941 0.01125395063 0.0374394603 0.07567283194 0.1101116031 0.1407557737 0.1676053438 0.1906603134 0.2096492674 0.2242776518 0.2345538631 0.2463678725 0.2593435503 0.2717767638 0.2832916892 0.2931914531 0.3025113428 0.3114726902 0.3200754955 0.3283197586 0.3362054795 0.3437326582 0.3509247505 0.3577593658 0.3642292294 0.3703343414 0.3764666852 0.382159853 0.3876216757 0.3929352207 0.3978241358 0.4023117641 0.406558123 0.4105632124
	 0.4220057601 0.4185576463 0.414990949 0.4113332619 0.407568351 0.4035835856 0.3993789656 0.3949544911 0.3903101621 0.3854459785 0.3803619403 0.3750580477 0.3695343005 0.3631573827 0.3563074717 0.3492139888 0.3418769341 0.3341691881 0.3258724726 0.3169880114 0.307729298 0.2981229703 0.288145114 0.2776767109 0.263899336 0.2500418787 0.2367099279 0.2239034838 0.2116225463 0.2010650523 0.1864397115 0.1675618541 0.1493881806 0.1419720678 0.1356590249 0.1315231541 0.131247219 0.133393237 0.1380205241 0.146042353 0.167690121 0.1879016212 0.2066113004 0.2238191585 0.2395251955 0.2537294113 0.2664318061 0.2749439006 0.2842974646 0.2946935306 0.3040940244 0.3133858206 0.3221557163 0.3305516695 0.3385736802 0.3462217484 0.3534958741 0.3603960573 0.366922298 0.3730745962 0.3787630001 0.3841530728 0.3892938898 0.3940895907 0.3990752281 0.4038066735 0.4082626625 0.412477382 0.4162754365 0.4196215708 0.4228408232
	 0.4349930976 0.4323365434 0.4295614058 0.4266676849 0.4237281133 0.4206592135 0.4173704591 0.4138618501 0.4101333867 0.4061850686 0.4020168961 0.397628869 0.3928939721 0.3876676062 0.3821976684 0.3764841587 0.3705270771 0.3643348566 0.358017799 0.3513558242 0.3439105058 0.3360987647 0.3280322312 0.3202492704 0.3105486282 0.3012442581 0.2924653947 0.2842120378 0.2762399559 0.2689369536 0.2623584914 0.2565045695 0.2501648983 0.2422095851 0.236555154 0.2334025018 0.2325369048 0.2339583628 0.2376668758 0.2436624439 0.2528638014 0.2629240706 0.2722006155 0.2799753393 0.2889407151 0.2981364227 0.3074837844 0.3169828002 0.3254194294 0.3333121587 0.3410428384 0.3486114684 0.3559966535 0.3628491914 0.3693277868 0.3754324397 0.38116315 0.3865199179 0.3915027433 0.3961649003 0.4005527285 0.4048387046 0.4092254316 0.4131911913 0.4169359953 0.4210821005 0.4238237807 0.4265030273 0.4295564727 0.4324830361 0.4352827176
	 0.4493348354 0.4474698409 0.445486263 0.4433841017 0.4411633571 0.4389602668 0.436587378 0.4339946346 0.4311820367 0.4281495842 0.4248972773 0.4214251157 0.417815495 0.4139691023 0.4098791376 0.40557002 0.4011607859 0.3966530778 0.3920468957 0.3873422396 0.3825391094 0.3776375052 0.3720701038 0.366412989 0.3599458385 0.3545838838 0.3497484688 0.3451084107 0.3406584623 0.3363986236 0.3323288946 0.3284492753 0.324334354 0.3191772884 0.3156096363 0.3136313978 0.3132425728 0.3144431613 0.3172331634 0.3197364572 0.3227747816 0.327848586 0.3330526982 0.3385433246 0.3443676523 0.3506601109 0.3574207005 0.3632295557 0.3687879781 0.374436976 0.3800943863 0.3855897469 0.3909230578 0.3960943191 0.4010271363 0.4055883739 0.409775669 0.4137060407 0.4174703734 0.4209752864 0.4243226193 0.4274569334 0.4306471311 0.4340375746 0.437155683 0.4403061975 0.4417270675 0.4430031262 0.4444076118 0.4459405244 0.4481389086
	 0.4652422563 0.4639779876 0.4627655205 0.4614549189 0.4600257339 0.4584867456 0.4570297223 0.4553528445 0.4534561122 0.4513395253 0.4490030839 0.4467511381 0.4445282904 0.442110487 0.4396090764 0.4370091918 0.4343108332 0.4315140006 0.4286186939 0.4255533529 0.4224251185 0.4193491242 0.416345903 0.4133629023 0.4100382898 0.4065707505 0.4033943762 0.4005091666 0.397915122 0.3956122422 0.3936909012 0.3921110773 0.3902026765 0.3867901848 0.3846202219 0.3845518666 0.3846669864 0.3847227628 0.3851934756 0.3864689915 0.3885493106 0.3911319469 0.3940345931 0.3969786415 0.4002892511 0.4038825949 0.4073075479 0.4107387207 0.4141761135 0.4176197261 0.4210695586 0.4244842088 0.4277442503 0.4308422422 0.4337781844 0.4366895511 0.4398130902 0.4426794194 0.4449961188 0.4470910388 0.4490927644 0.4511431332 0.4532313382 0.4553573792 0.4574907844 0.4593838852 0.4597960768 0.4603366953 0.4610057406 0.4618032129 0.4627291122
	 0.4811768964 0.4807347381 0.4803480394 0.4800168003 0.4797410209 0.4794863025 0.4786974921 0.4779364799 0.4769556132 0.4757548918 0.4744745356 0.4739562576 0.4733626705 0.4726706094 0.4718307709 0.4705805006 0.4691712373 0.4678008637 0.4664694636 0.4651770369 0.4639235838 0.4627091041 0.461533598 0.4603610202 0.4591298265 0.4579614897 0.4569146526 0.4557943551 0.4547879129 0.4538959922 0.453118593 0.4524557153 0.4519769902 0.451028002 0.4502569376 0.4496894434 0.4493255193 0.4491651654 0.4492083816 0.449455168 0.4499696463 0.4516633184 0.4537068159 0.454590381 0.4558634815 0.4572112733 0.4585151965 0.4598253396 0.4611417026 0.4624642856 0.4637930883 0.465128111 0.4664693536 0.4675063488 0.4685126298 0.4698237125 0.4712459301 0.4723014561 0.4730018201 0.4737121144 0.4744602448 0.4752462113 0.4760700138 0.4769316524 0.4778311271 0.4783540572 0.4780308085 0.4778444453 0.4777880467 0.4778583804 0.4780554463
	 0.4967158991 0.4970958512 0.4975312628 0.4980221341 0.498568465 0.4991702555 0.4998275056 0.5004573021 0.5009853453 0.5013206501 0.501500832 0.5019325258 0.5021902491 0.5024843442 0.5028148109 0.5031882853 0.5036066533 0.5040639947 0.5045603097 0.5050955981 0.5056698601 0.5062830955 0.5069353045 0.5076081351 0.5083285333 0.5090100517 0.509625735 0.5101528482 0.510543113 0.5107952021 0.5109091154 0.5110176038 0.5114992089 0.5119624467 0.5122564651 0.5120577516 0.5118873567 0.5117691857 0.5117032386 0.5116895155 0.5117280164 0.5116761253 0.5112914088 0.5107494677 0.5100748558 0.5093782489 0.5086860265 0.5079981885 0.5073147349 0.5066356658 0.5059609812 0.5052906811 0.5046247654 0.5039930827 0.503746747 0.5033000844 0.5023742984 0.5017445182 0.501152574 0.5005984659 0.5000821938 0.4996037579 0.4991372998 0.4986590026 0.4981961605 0.4976484172 0.4966018537 0.4956820223 0.4948889232 0.4942225563 0.4936829216
	 0.5118592645 0.5130613269 0.5143188489 0.5156318305 0.5170002717 0.5184241725 0.519903533 0.5213599893 0.5227289665 0.5244741044 0.5266134314 0.5285485732 0.5304408061 0.5323958754 0.5344137809 0.5364944061 0.5386030182 0.5407662565 0.5429841212 0.5452906971 0.5476929889 0.5501338625 0.5525179982 0.555197465 0.557973247 0.5604620119 0.5626131896 0.5645431102 0.5663348551 0.5679884242 0.5694936209 0.5708124787 0.5721165237 0.5736862603 0.5748666738 0.5757747653 0.5764429723 0.5766871568 0.5762820219 0.5752275676 0.5735237939 0.5712755899 0.5694361325 0.5673745445 0.5647827093 0.5619909779 0.5592036308 0.5564206683 0.5538116157 0.5513641891 0.5489680582 0.5466232231 0.5443296837 0.5420874401 0.5396837037 0.5368754578 0.5341577015 0.531731856 0.5296098446 0.5277547131 0.5259628869 0.5241865157 0.5224255995 0.5206801384 0.5189501323 0.5172355812 0.5154643936 0.5138078617 0.512278062 0.5108749946 0.5095986593
	 0.5266069925 0.5286311652 0.5307107975 0.5328458895 0.5349828317 0.5372194814 0.5397525963 0.5417825542 0.5441991894 0.5470683122 0.5502801862 0.5538348112 0.5577321875 0.5617413658 0.5655559016 0.5694332737 0.5733734821 0.5773765267 0.5814167626 0.5854902223 0.5896183082 0.5938118614 0.5981950383 0.6027031274 0.607467298 0.6120082532 0.6163259932 0.6204205177 0.624291827 0.6279011965 0.6311953414 0.6334186333 0.6355954187 0.6403411798 0.6430141879 0.6435396631 0.6434468705 0.64273581 0.6414064816 0.6394588852 0.636893021 0.6337088889 0.6299064889 0.6256376168 0.6203076232 0.6153831274 0.6105099273 0.6056880231 0.6009174145 0.5961981018 0.5915300847 0.5869133635 0.582347938 0.5778338082 0.5733036228 0.568938109 0.5649378414 0.5612568353 0.5578950906 0.5548526075 0.5517269321 0.5489099757 0.546260388 0.5432477629 0.5402505928 0.5372688778 0.5346151958 0.5322219633 0.5299554631 0.5278156951 0.5258026594
	 0.5411068891 0.543978495 0.5468322298 0.5496650375 0.552676188 0.5559131845 0.5586719217 0.5617870769 0.5652668339 0.5691111928 0.5733201535 0.5779383637 0.5829082868 0.5882209611 0.5938763865 0.5998729465 0.6056097851 0.61140946 0.6172719712 0.6231973187 0.6291827998 0.6354277376 0.6422622728 0.649655857 0.6576084903 0.6649466445 0.6716127571 0.678468608 0.6848653835 0.6907854511 0.6960523012 0.7006113443 0.7052629608 0.7120949366 0.7169936613 0.7195633682 0.7202338958 0.7190052441 0.7158774129 0.711758647 0.7068861393 0.7007830153 0.6934492751 0.6849150444 0.6758395326 0.6674257208 0.6598650338 0.6527284168 0.6456465735 0.638619504 0.6316472083 0.6247296863 0.6178669381 0.611309295 0.6053387327 0.5996874319 0.5943553927 0.5893426149 0.5846490986 0.5802748437 0.5762198504 0.5722092415 0.5684092209 0.5646754666 0.5610160788 0.557464734 0.5540542603 0.5509243273 0.5479211266 0.545044658 0.5422949217
	 0.5558044835 0.5588531252 0.5621258788 0.5656244785 0.5693489241 0.5729431876 0.5767789383 0.5809792908 0.5855442452 0.5904738014 0.5957679595 0.6014267194 0.6074500811 0.6138338581 0.6205618304 0.6276325538 0.6350460284 0.6428022541 0.6506024566 0.6583244343 0.6661092484 0.6750080155 0.6846994907 0.6949244186 0.7054654119 0.7166749228 0.72970324 0.7418076578 0.7526377548 0.7592585515 0.7675689797 0.7773621641 0.7873819797 0.7985951051 0.8051855912 0.8086394883 0.8090998574 0.8070818201 0.8014753655 0.7928332889 0.7810988579 0.7686616917 0.756408949 0.7434878444 0.7304594946 0.7187369371 0.7077231169 0.697418034 0.687867298 0.6784837016 0.6691548789 0.6598808299 0.6510681506 0.6431909231 0.6358885892 0.6289055167 0.6222417058 0.6158971563 0.6098718683 0.6041658418 0.5987790768 0.5937115733 0.5886815261 0.5837044221 0.5790847131 0.5748223991 0.5709395179 0.5673145456 0.5638127234 0.5604340514 0.5571785296
	 0.5683181012 0.572078304 0.5760643527 0.5802762474 0.5845963517 0.589152698 0.594073646 0.5993591959 0.6050093477 0.6110241013 0.6174034567 0.6241474139 0.631255973 0.6387291339 0.6465668966 0.6547547955 0.663240817 0.6720589858 0.681177385 0.6906228502 0.701032222 0.7126429751 0.7243905372 0.7368498869 0.7500966165 0.7641307258 0.7784504492 0.7950085661 0.8132563145 0.8331936944 0.8548207058 0.8789907807 0.9073793436 0.9128393916 0.9191572705 0.9225352829 0.9222259805 0.9189116062 0.9143366813 0.9007582549 0.8782988201 0.8528583113 0.8246114349 0.8019119689 0.7845981808 0.7693110464 0.7547749587 0.7409899175 0.7280248124 0.7158284583 0.7041611608 0.693002617 0.6824946801 0.673541313 0.6649072074 0.6565923633 0.6484898495 0.6405076042 0.6329983514 0.6259620912 0.6193928328 0.6129202303 0.6068320234 0.6011282123 0.5958087968 0.590873777 0.5863533043 0.5822239455 0.5782177369 0.5743346784 0.57057477
	 0.5796469396 0.5840440903 0.5887020543 0.5936271554 0.5988649111 0.6044363099 0.6103413518 0.6165800367 0.6231523648 0.6300583359 0.6372979501 0.6448712074 0.6527781078 0.6610186513 0.6695928379 0.6785006675 0.6877421403 0.6973172561 0.707226015 0.7183471412 0.7307222815 0.7439902291 0.7581509841 0.7727533575 0.7883771658 0.8052761304 0.8242937066 0.8459105913 0.8708918546 0.8992374965 0.9310344827 0.9674737849 0.9999999789 0.9999998364 0.9999995341 0.9999995958 0.9999998198 0.9999998468 0.9999999739 0.9703990914 0.9364325755 0.9023051009 0.8726637786 0.8481655084 0.8287059737 0.8107586509 0.7936433571 0.7773487382 0.7618401958 0.7476594221 0.7346487411 0.7221349008 0.7103711054 0.6995389828 0.6891548524 0.6793411699 0.6700004798 0.6611327822 0.6527380772 0.6447839754 0.6372101869 0.630020794 0.6232157969 0.6167951954 0.6107589896 0.6051071795 0.5998755161 0.5952425115 0.590736926 0.5863587597 0.5821080126
	 0.5901777293 0.5948716193 0.5998096816 0.604980212 0.6105812728 0.6166128642 0.6230749861 0.6299676384 0.6372788978 0.644935274 0.6529252933 0.6612489557 0.6699062611 0.6788972097 0.6882218013 0.6978800361 0.7078719139 0.7185360719 0.7300291863 0.7422025108 0.7553719629 0.7694681786 0.7844572016 0.800339032 0.8171136696 0.8355217456 0.8560940461 0.8776578555 0.9002131736 0.9236685649 0.9478691174 0.9754291104 0.9999999155 0.9999994673 0.9999994213 0.9999994249 0.9999994504 0.9999995642 0.9999999177 0.9762768856 0.9491695219 0.9241527811 0.901251178 0.8791492766 0.8577828319 0.8375349079 0.8192442247 0.8023193841 0.7866874036 0.7721313163 0.758078017 0.7447620735 0.7323345663 0.7208244374 0.7098236013 0.699245135 0.6890890386 0.679355312 0.6701859351 0.6614634174 0.6531728386 0.6452666554 0.637744868 0.6306074762 0.6238544801 0.6174858797 0.6115155483 0.6063604734 0.6013328176 0.5964325809 0.5916597635
	 0.598183656 0.6031742852 0.6082715829 0.6137766996 0.6197123468 0.6260785245 0.6328752327 0.6401024714 0.6477602406 0.6558485402 0.6643673704 0.6733167311 0.6826966222 0.692464715 0.7025397118 0.712908873 0.7238473346 0.7354660062 0.7477648879 0.7607439795 0.7745109785 0.7894354623 0.8049664175 0.8208368709 0.8373250234 0.8549427713 0.873946689 0.8938826712 0.9147507178 0.9365508289 0.9583465621 0.9800921147 1.00000007 1.000000133 0.9999998635 0.9999997052 0.9999997016 0.9999997862 0.9999999591 0.9804515869 0.9580500289 0.9365161707 0.9156617962 0.8954869055 0.8759914985 0.8571755754 0.8387175225 0.8215643875 0.8056160153 0.7905945345 0.7763130824 0.7628963831 0.7500720957 0.7378402202 0.7261992254 0.7150296758 0.704282496 0.6940700662 0.6844909783 0.6753132823 0.6665369782 0.6581620661 0.6501885458 0.6425650546 0.6350952682 0.6280098775 0.6213088825 0.6155986048 0.6100488787 0.6046265718 0.5993316841
	 0.6025436485 0.6087891897 0.6141913694 0.6200087125 0.6262721054 0.6329728695 0.640104164 0.647665989 0.6556583445 0.6640812305 0.672934647 0.682218594 0.6919330715 0.7020780795 0.7129000873 0.7240901856 0.7356857688 0.7476495887 0.7602242715 0.7735214461 0.7875584987 0.8022551608 0.8175918797 0.8335686555 0.8502469645 0.8671934894 0.8849432612 0.9035904849 0.9227166242 0.9423216793 0.9623100998 0.9827630771 1.000000191 1.000000886 1.000000983 1.000000705 1.000000136 0.9999999527 0.9999999821 0.9829140001 0.9625480444 0.9427507154 0.9235220128 0.9049550888 0.8867129127 0.8689407132 0.8515951114 0.8348590102 0.819173315 0.8040326486 0.7895797769 0.775719317 0.762451269 0.7497756329 0.7376924087 0.7262015963 0.7151572063 0.7046694655 0.6946375747 0.6850070759 0.675777969 0.666950254 0.6585294559 0.6505257422 0.6429388015 0.6357686339 0.6290152394 0.6226700191 0.6165821769 0.6107315716 0.6051182032
	 0.6052414291 0.6114590007 0.6179266896 0.6240228904 0.6305551126 0.6375233561 0.6449276209 0.6527679071 0.6610442146 0.6697565434 0.6789306082 0.6885491416 0.6985982054 0.7090414454 0.71989734 0.7312227829 0.7429115831 0.7551725362 0.7680198511 0.7814710664 0.7955413175 0.810228853 0.8255253081 0.8414553274 0.8579306471 0.8747907109 0.8920409903 0.9096814853 0.9274875963 0.9457704579 0.9645634361 0.983866531 1.000000136 1.000000552 1.000000627 1.000000698 1.000000763 1.00000055 1.000000054 0.9841333147 0.9651484227 0.9465250966 0.9282633362 0.9103631416 0.8928245129 0.8756474499 0.8588319527 0.8424650612 0.826910929 0.811901998 0.7974382683 0.7835197397 0.7701373807 0.7573220755 0.7450869547 0.7333865421 0.7221243328 0.7113022572 0.7009203152 0.6910522152 0.681613552 0.672591662 0.663986545 0.6557982012 0.6480266304 0.6406718327 0.6337338081 0.6272125565 0.6209357425 0.6148562405 0.6090139756
	 0.6065988149 0.6127273874 0.6192437719 0.62593538 0.6327464599 0.6399935611 0.6476766837 0.6557958275 0.6643509927 0.6733421792 0.6827693871 0.6925127846 0.7024727433 0.7128468017 0.7236269791 0.7348614793 0.7465885719 0.7589285333 0.7718284369 0.7852900624 0.7993689723 0.8140651666 0.8292913301 0.8447889816 0.8609429387 0.8774295581 0.8943640272 0.9117121051 0.9293938781 0.9474093462 0.9657588525 0.9844532533 0.9999999924 1.000000066 1.000000153 1.000000235 1.000000312 1.00000033 1.000000071 0.9846877628 0.966230421 0.9480641282 0.9303754248 0.9129904559 0.8958248408 0.8789505821 0.8623676797 0.8462487202 0.8306818715 0.8156540659 0.8011714614 0.7872340582 0.77381836 0.7608998522 0.748784945 0.7371562658 0.7259378758 0.7151195147 0.7047057312 0.6947320813 0.6851985651 0.6760682827 0.6672785357 0.6589055617 0.6509493608 0.643409933 0.6362872782 0.6295813966 0.623292288 0.617090269 0.6110191074
	 0.6066131841 0.6125943497 0.6189633273 0.6257201169 0.632836119 0.6403620779 0.6483240581 0.6567220597 0.6653811605 0.6741149231 0.6832627854 0.6928247473 0.7028008087 0.7131909698 0.7239952304 0.7352135907 0.7468456678 0.7591357049 0.7719942509 0.7854645353 0.799552104 0.8138810708 0.8288015207 0.8444798849 0.8608935161 0.8777020429 0.8948223008 0.9122542898 0.9299980098 0.9479151194 0.9660878677 0.9845943112 0.9999999934 0.9999999519 0.9999999013 0.9999998416 0.9999998833 0.9999999393 0.9999999898 0.9845589274 0.9659982724 0.9477918554 0.9299396764 0.9124417353 0.8952984854 0.8785179626 0.862025048 0.8459359887 0.8304265928 0.8154048837 0.8009007533 0.7869213163 0.7734665728 0.7605365228 0.7484960902 0.7370049259 0.7259240508 0.7152534651 0.7049931686 0.6951431614 0.6857034435 0.6766066948 0.6678458218 0.6594682216 0.6514738941 0.6438628393 0.6366350572 0.6297851382 0.6233113995 0.6172544339 0.6111335986
	 0.6052261289 0.6110598876 0.6172814584 0.6238908411 0.6308880358 0.6384123951 0.6459199616 0.6538416278 0.6621773935 0.6709272589 0.6800912238 0.6896692884 0.6996614525 0.7100677162 0.7208880796 0.7321225425 0.7437711051 0.7557476403 0.7684903976 0.7818061429 0.7954182941 0.8097615426 0.8248121404 0.8405610732 0.8570167689 0.8741513411 0.891644054 0.9094838421 0.9276812898 0.9461770193 0.9649705103 0.9840617628 1.000000008 1.000000049 1.00000008 1.000000102 1.000000115 1.000000081 0.9999999901 0.9842009528 0.9652203947 0.9465387498 0.9281746223 0.9101347601 0.8924191632 0.8750278317 0.8580987925 0.8418128523 0.8261607413 0.8111424593 0.7967580063 0.7829481026 0.7694999675 0.7565583752 0.7445735202 0.7332198707 0.7222765105 0.7116918345 0.7014686283 0.6916286948 0.682172034 0.673098646 0.6645170741 0.6564043905 0.6487196724 0.6414629195 0.634634132 0.6282333099 0.6219375356 0.6152277697 0.6098264676
	 0.6024376493 0.6081240012 0.6141981651 0.6205124505 0.6268229774 0.6335692927 0.6407513963 0.6483692884 0.6564229689 0.6649124378 0.6738376951 0.6831987408 0.6929955749 0.7032281974 0.713896455 0.7247675926 0.7359774475 0.7476674118 0.760575059 0.7738930258 0.7875214307 0.8019079798 0.8170029546 0.8328048432 0.8493136456 0.8662455101 0.8839626186 0.9026634981 0.9219313263 0.9417649621 0.9620066051 0.9827061067 0.9999999891 0.9999999241 0.9999998499 0.9999997666 0.9999998467 0.9999999314 0.9999999917 0.9826657032 0.9620063236 0.9419266255 0.922426609 0.9034866029 0.8851240104 0.8675631312 0.8504928604 0.834055084 0.8182498019 0.8030770142 0.7885367208 0.7746244622 0.7613400502 0.7486953136 0.7367844194 0.7256952255 0.7150250392 0.7047249822 0.6948262381 0.6853554593 0.6763126459 0.6676977979 0.6595109152 0.6517519978 0.6444210458 0.6375180591 0.630458243 0.6235402535 0.6169596653 0.6110332943 0.6061548281
	 0.5982477454 0.6037452517 0.6088447736 0.6143800838 0.6203511825 0.6267580695 0.633600745 0.6408792089 0.6485934611 0.6567435018 0.665082364 0.6736883712 0.6826877606 0.691985389 0.7015812563 0.7114753624 0.7216677075 0.7337918537 0.746587074 0.7595980269 0.7733738177 0.7878675629 0.8031104801 0.819060085 0.8356850429 0.8533767774 0.8721058646 0.8918723043 0.9126827846 0.9345595852 0.9574836053 0.9811047644 0.9999999762 0.9999998117 0.9999997495 0.9999998483 0.9999999227 0.9999999726 0.999999998 0.9810727962 0.9579480068 0.9356112735 0.9140625962 0.893301975 0.8734765486 0.8546682642 0.8373956822 0.8207960867 0.8048400849 0.7895276768 0.7749967289 0.7613051591 0.7484020031 0.7362872609 0.7247409633 0.7138482389 0.7036105543 0.6938105392 0.6844295316 0.6754675315 0.6669245389 0.6588005539 0.6510955764 0.6437411571 0.6359793213 0.6288513206 0.6220905133 0.6156968992 0.6096704785 0.6044987389 0.599922579
	 0.5917252611 0.5960495663 0.6008182426 0.6060407835 0.6115930271 0.6174749736 0.6236866229 0.630227975 0.6370990299 0.6442997877 0.6518608782 0.659758063 0.6679534867 0.6764471494 0.6852390509 0.6943291913 0.7047455504 0.7160183096 0.727884565 0.740157889 0.752940735 0.7664990949 0.7813956876 0.7975299601 0.8150821765 0.8338428399 0.8536692783 0.8743953191 0.8959339191 0.9199314923 0.9463880387 0.9753035583 0.9999999883 0.9999998343 0.9999998132 0.9999997881 0.9999997385 0.9999997037 0.999999961 0.9752150608 0.946937802 0.920884464 0.8969478175 0.8745821332 0.8537856282 0.8345583024 0.8169001559 0.8004139147 0.7849274567 0.7702294126 0.7563197822 0.7431985657 0.7308657629 0.7192832698 0.7082273428 0.6978368865 0.688111901 0.6789017686 0.6699719247 0.6614610884 0.6534772816 0.6457942491 0.6379981019 0.6306468004 0.6238971922 0.6175147772 0.6114995556 0.6058515272 0.6005706923 0.5960516373 0.5918818637
	 0.5831959304 0.5870319919 0.5911977562 0.5956932233 0.6005183932 0.6056732659 0.6111578415 0.6169721199 0.623116101 0.6296064924 0.6364014726 0.6434946916 0.6508861496 0.6585758465 0.6665637822 0.6752953992 0.6847251955 0.694748488 0.7053652768 0.7165755617 0.7283888312 0.7409435703 0.7538614501 0.7693635539 0.7848071331 0.7997603321 0.8202114569 0.8446901 0.8713038296 0.9003765325 0.9319534509 0.9681527806 0.9999999898 0.9999999342 0.9999998992 0.9999998614 0.9999998744 0.999999928 0.9999999889 0.9698460783 0.9328357798 0.8963670203 0.8657432222 0.8409643855 0.8204565174 0.8033784324 0.7893686443 0.7740197337 0.7594417217 0.7456346084 0.7325983937 0.7201818249 0.7083497226 0.6971277751 0.6867895506 0.6773530667 0.6684929247 0.6600415789 0.6516849131 0.6440576294 0.6367969282 0.6297032612 0.6228614808 0.616490265 0.6104862424 0.6048494132 0.5995797773 0.5946773348 0.5901420855 0.5861883177 0.5824249304
	 0.5723992249 0.5759536185 0.5793923091 0.5831607025 0.5872587987 0.5916865977 0.5964440995 0.6015306771 0.6069252137 0.6126179893 0.6186090037 0.624898257 0.6314857492 0.6383714804 0.6454414001 0.6530282335 0.6612085631 0.6699823889 0.6793245634 0.6885623483 0.6982472366 0.7088039402 0.7198955056 0.734604529 0.7491671301 0.7634720792 0.7775193764 0.7913090215 0.8036422566 0.8211126837 0.8440810365 0.8720422344 0.8974877239 0.9002641909 0.9046883743 0.907595819 0.9072973561 0.9038735136 0.8983375672 0.8904234418 0.8636936984 0.8393845167 0.8162423124 0.794166615 0.7779358791 0.7636473452 0.7507282931 0.7363593906 0.7238717392 0.7120506172 0.70083965 0.6902388376 0.6802481801 0.6708676773 0.6620973294 0.6538287779 0.6456318804 0.6385312981 0.6318060428 0.6252478218 0.6188566351 0.6126233625 0.606630539 0.6010049089 0.5957464722 0.5908552287 0.5863311786 0.5821743217 0.5783846582 0.5749087802 0.5715517793
	 0.5594186003 0.5621436872 0.5653020312 0.5684432211 0.5718142435 0.5755149688 0.5795247102 0.5838170422 0.5884076131 0.5932964229 0.5984834716 0.6039687591 0.6097522856 0.6151835532 0.6209274236 0.6272647903 0.634195496 0.6413657364 0.648655337 0.6560642978 0.6641460874 0.6730440987 0.6831403576 0.693736091 0.7040741724 0.7141546019 0.7239773793 0.7335403792 0.7428459457 0.7518958541 0.7606901043 0.7700473087 0.7822098765 0.7901012781 0.7948183831 0.7964847568 0.7960540314 0.7935262069 0.7889012833 0.7821792606 0.7708306456 0.757026637 0.744910271 0.7344815477 0.7257404671 0.7162784726 0.7054509905 0.6949961127 0.6849300336 0.6750403036 0.6657467624 0.6570494102 0.6489482469 0.6414432725 0.6343286362 0.6277770893 0.6218310902 0.6159499898 0.6102408608 0.6047037034 0.5993385176 0.5941453033 0.5890707767 0.5841907324 0.5796778813 0.5755322236 0.5717537592 0.5683424882 0.5652785514 0.5622130248 0.5592624103
	 0.5462415357 0.5480340392 0.5498598941 0.5517191006 0.5541847278 0.5570918505 0.5602819779 0.5637703441 0.5675569492 0.5716417933 0.5760248762 0.580706198 0.5845218583 0.5884227658 0.5933575996 0.5984602955 0.6036823516 0.6090237678 0.6144845443 0.6200646809 0.6262900928 0.6330876531 0.6397908915 0.6462195907 0.6523926317 0.6585148974 0.6646546 0.6706647859 0.6765454549 0.6822966071 0.6879182425 0.6934103611 0.6983162838 0.7042040286 0.7075560327 0.7095905836 0.7103076813 0.7097073259 0.7077693084 0.7026560418 0.6954456761 0.6918198645 0.685878588 0.6791803911 0.6718574037 0.6639022109 0.6561515482 0.6486492468 0.6413953067 0.634389728 0.628006282 0.6220376406 0.6160393312 0.6101111666 0.604395744 0.5995202826 0.5945104101 0.5901226673 0.5857442305 0.5814005972 0.5772289354 0.5732292452 0.5694015265 0.5657457793 0.5622620037 0.558880398 0.5558475194 0.5531818341 0.5507601918 0.5481010516 0.5455568233
	 0.5314359105 0.5327411974 0.5340794883 0.5354507832 0.5368550821 0.5382923851 0.5399337753 0.5422028516 0.5447351311 0.5476541004 0.5512332176 0.553895083 0.5568164385 0.5599151642 0.5632011014 0.56667425 0.5703463381 0.574170871 0.5780528652 0.5819923207 0.5859892376 0.5900457239 0.594115323 0.5986153676 0.6028918903 0.6069118566 0.6106752664 0.6141821199 0.6174324169 0.6204215064 0.6232016668 0.6258523103 0.6287544394 0.6325262389 0.6348335242 0.6358727256 0.6361426895 0.6356434158 0.6343749046 0.6323371559 0.6295268947 0.6261993946 0.622706118 0.6190470649 0.6146470943 0.6098866514 0.6052216315 0.6006520346 0.5961778607 0.5917991097 0.5875157818 0.5834369669 0.5795353355 0.5757242717 0.5722734951 0.5686632448 0.5649161582 0.5614489999 0.5583987015 0.5554684903 0.5526583664 0.5499683297 0.5473983803 0.5449485182 0.5426187433 0.5404555621 0.5385092536 0.5366923595 0.5348256143 0.5325728604 0.5304350185
	 0.5150021764 0.5158667391 0.5167625265 0.5176895386 0.5186477754 0.5196372369 0.5206579231 0.521709834 0.5228499178 0.524353757 0.5258490919 0.5277482914 0.5296668344 0.5306956421 0.5324849404 0.534352716 0.5362779529 0.5382606512 0.5403161257 0.5424288292 0.5445905918 0.54679098 0.5489846875 0.5511677267 0.5534204879 0.5556292759 0.5575815074 0.5592771826 0.5607163013 0.5618988636 0.5627497647 0.5637982278 0.565001959 0.5663214007 0.5667817364 0.5679999443 0.5693251487 0.5698865803 0.569684239 0.5687181248 0.5670229824 0.5653706805 0.5634932032 0.5614176615 0.5593732263 0.5573594415 0.5548626502 0.5524612819 0.5501553366 0.5479448144 0.5458297151 0.5438157142 0.5421727123 0.5404996175 0.5387338313 0.5368753537 0.5349241846 0.5327441942 0.5308215063 0.5291086522 0.5275158854 0.5260432058 0.5246906135 0.5234581085 0.5223456907 0.5213533602 0.5204811169 0.5196116107 0.5184525225 0.5168840349 0.5154050576
	 0.4981010042 0.4984348284 0.4987998773 0.4991961509 0.4996236492 0.5000823722 0.5005723198 0.5008654235 0.5004528455 0.4997277839 0.4999546944 0.5002252638 0.5005518804 0.5008718433 0.5014840917 0.5020382186 0.5021468948 0.50230463 0.5025114243 0.5027672775 0.5030721898 0.5034261611 0.5036420315 0.5038720548 0.5041311797 0.5043956825 0.5045358884 0.5044203852 0.5040794708 0.5042424597 0.5044392817 0.5046199026 0.504719099 0.504760159 0.5049182013 0.5050904146 0.5052767989 0.505738176 0.506482598 0.506604108 0.5059126627 0.5054647452 0.5051237709 0.5047704301 0.5044965636 0.5043021716 0.5042191014 0.5041324262 0.5040052815 0.5039582233 0.5040047237 0.5042424298 0.5043818808 0.5044230766 0.5043660173 0.5042107028 0.5039571332 0.5036053085 0.5031234261 0.5026279292 0.5022525194 0.501997197 0.5018619618 0.5018468138 0.5019517532 0.5021767797 0.5022439954 0.5021763999 0.5019895638 0.5016757601 0.5007761226
	 0.4824154836 0.4822185692 0.4820528796 0.4819184147 0.4818151744 0.4817431589 0.4812589559 0.4801944218 0.4788174041 0.4771279029 0.4751259181 0.4738852992 0.472554123 0.4712800895 0.4701735677 0.4689544059 0.467622604 0.4661781622 0.4646210804 0.4629967101 0.4614447722 0.4599418932 0.458265021 0.4565022763 0.4547684377 0.453074633 0.4514157686 0.4504226192 0.4491041728 0.4481428891 0.4472412512 0.4463992589 0.4454734352 0.4441079775 0.4430498643 0.4422990958 0.441855672 0.4417195927 0.441890858 0.442369468 0.4439063531 0.4459571035 0.4475569996 0.4491823931 0.4508600082 0.4525898449 0.4543719033 0.4562061833 0.458092685 0.4600349617 0.4620692753 0.4640053338 0.4658431371 0.4675826853 0.4692239784 0.4707670162 0.472211799 0.4735583266 0.474794433 0.4758650578 0.4768653269 0.4778303032 0.4789124251 0.4801146342 0.4813762992 0.4825194368 0.4835433339 0.4844479905 0.4852334066 0.4858995823 0.4863531239
	 0.4679456144 0.4672179615 0.4665215334 0.46585633 0.4652223512 0.4639372909 0.4622208007 0.4601918269 0.4578503696 0.4551964287 0.4522300042 0.4489510962 0.4460665483 0.4431885251 0.4403046934 0.4373082217 0.43419911 0.4309773583 0.4276429666 0.424195935 0.4206362633 0.4169639516 0.4130075787 0.4093424091 0.4056656992 0.402097361 0.3988226179 0.3958177825 0.3929830498 0.3901076755 0.3877052489 0.3856829935 0.3832467544 0.3793421735 0.3769723385 0.3754515224 0.3747797252 0.3749569468 0.3759831873 0.3779175307 0.3807315775 0.3839988457 0.3880282261 0.3919317988 0.3958875932 0.3998956092 0.4038930642 0.4079882211 0.4121380598 0.415893338 0.4199619851 0.4238536646 0.4275683765 0.4311061208 0.4344668975 0.4376507066 0.4406575481 0.443487422 0.4459797471 0.4484937865 0.4510342831 0.4535266522 0.4558328996 0.4581962263 0.4604365856 0.4625539776 0.4645494738 0.4664263826 0.4681840509 0.4698224788 0.4713416662
	 0.4546913967 0.4534330053 0.4522058387 0.4509563914 0.4489004286 0.4465319823 0.4438510524 0.440857639 0.437551742 0.4339333614 0.4300024972 0.4257591495 0.4211622118 0.4165386103 0.4118774688 0.4071036872 0.4022172656 0.3972182041 0.3921065025 0.386882161 0.3812737596 0.3751547252 0.3685822491 0.3624515702 0.3560582749 0.3499348873 0.3440814074 0.3384978352 0.3331841708 0.3282278617 0.3236639489 0.3194496866 0.3144082276 0.3081998685 0.3041252495 0.3021843705 0.3023772317 0.304408127 0.3075886989 0.3108925185 0.3149114965 0.3200962453 0.3260944255 0.3324932497 0.3391294597 0.3459396998 0.352988109 0.3602738051 0.3668631236 0.3728900923 0.3789623673 0.3848576747 0.3905760145 0.3961139701 0.4014350329 0.4065294489 0.4113972181 0.4160383404 0.4202045484 0.4237504525 0.4266992806 0.4302511343 0.433731687 0.4370897454 0.4403248365 0.4434369602 0.4464261166 0.4492923056 0.4520355273 0.454647346 0.4569060993
	 0.4426528305 0.4408637006 0.4388562878 0.436148369 0.4331279665 0.4297950805 0.426149711 0.4221918579 0.4179215212 0.4133387009 0.4084433971 0.4030638022 0.3973361655 0.3912685413 0.3849128007 0.3783498653 0.371677071 0.3649006995 0.3578690825 0.3503741987 0.3424827442 0.3341645437 0.3254195971 0.3191639485 0.3133630264 0.3041920507 0.2923642122 0.2812544616 0.2708627988 0.2611892239 0.2521925251 0.2437854026 0.2354078878 0.2278740357 0.2226637649 0.2198702615 0.2194935257 0.2215335573 0.2259903563 0.2326126055 0.2417871507 0.2538988386 0.2642370897 0.2735864478 0.2833234548 0.2932977487 0.3035093295 0.3139581973 0.3228296607 0.3311700992 0.3393630193 0.3473292927 0.3550689191 0.3627628673 0.3701964907 0.3771244008 0.3835465974 0.3894630807 0.3948738506 0.3997769779 0.4044295979 0.4090376636 0.4135134211 0.4178662113 0.4220960341 0.4262028896 0.4301867777 0.4340713807 0.4376606086 0.4408668237 0.4436900261
	 0.4318299158 0.4290409869 0.4256811119 0.4220087534 0.4180239113 0.4137265856 0.4091167764 0.4041944836 0.3989597073 0.3932919141 0.3872237752 0.3808156487 0.3740675347 0.3669794329 0.3595513436 0.3515299249 0.3432728607 0.3347323602 0.3257951515 0.3164311968 0.3066404962 0.2964230495 0.2857788568 0.2759590686 0.265664479 0.2522230321 0.2356347281 0.2158995669 0.1930175485 0.1742302886 0.158262854 0.1430135072 0.1293191526 0.1215319772 0.1167557946 0.1140166343 0.1144668578 0.1178006875 0.123533813 0.13101269 0.1553819201 0.1779165778 0.1985524533 0.2173648792 0.2343538554 0.2495193819 0.2620261576 0.2692035082 0.2810151922 0.2929951796 0.3038082601 0.3141156273 0.3239172811 0.3332132215 0.3420034485 0.3502879622 0.3580667625 0.3653398494 0.372107223 0.3783676014 0.3841141561 0.3897076127 0.395178102 0.4005256239 0.4057501784 0.4110280648 0.4159477673 0.4204844571 0.424638134 0.4284087982 0.4317964496
	 0.4215104887 0.4174986576 0.4131743429 0.4085375447 0.403588263 0.3983264976 0.3927522487 0.3867994007 0.3803907596 0.3736421309 0.3666705743 0.359562188 0.3520568518 0.3441620946 0.3359439037 0.3274041202 0.3183551373 0.308600278 0.2980553059 0.2866995681 0.2748931244 0.2626359749 0.2499281197 0.2376167271 0.2238112491 0.2067908137 0.1865554207 0.1631050701 0.136439762 0.1065594964 0.07244334592 0.03185893349 1.000000001e-05 1.000000008e-05 1.000000046e-05 1.000000055e-05 1.000000029e-05 1.000000013e-05 1.000000002e-05 0.03235184103 0.07210437808 0.1075568089 0.1387091335 0.1655613518 0.1881134639 0.2063654698 0.2203173694 0.2321779395 0.2462971332 0.2597015244 0.2723911132 0.2843658995 0.2956258834 0.3062276458 0.3163825612 0.3260300377 0.3351529807 0.3437513904 0.3518252667 0.3589316058 0.3656723201 0.3722605085 0.3788842083 0.3855173983 0.3917675754 0.3976347398 0.4031188914 0.4082200302 0.4129381563 0.4172732695 0.42122537
	 0.4116010058 0.4066247351 0.4013359808 0.3957347429 0.3898210215 0.3836146404 0.3773896696 0.370841265 0.3639694265 0.3567741543 0.3492554482 0.3414133083 0.3332477346 0.324758727 0.3159462857 0.3068104105 0.2969528549 0.2864145813 0.2751671878 0.2631567477 0.2503832611 0.236846728 0.2225471484 0.2060969063 0.1890225931 0.1705742457 0.1504422608 0.1286266384 0.1051273785 0.07994448104 0.05307794608 0.0245277736 1.00000002e-05 1.000000203e-05 1.000000333e-05 1.000000348e-05 1.000000356e-05 1.00000031e-05 1.000000061e-05 0.02452069587 0.05299128384 0.07982624969 0.1050255934 0.128589315 0.1511920283 0.1701083344 0.1878251144 0.203806323 0.2189248848 0.233328644 0.2470176009 0.2599917553 0.2722511072 0.2837956568 0.2946254038 0.3050129496 0.3151226217 0.3247955943 0.3333573002 0.3416014438 0.3496464469 0.3575393811 0.3651200329 0.3723176719 0.3791322982 0.3855639116 0.3916125123 0.3972781002 0.4025606752 0.4074602375 0.4119767871
	 0.4028059235 0.3973001993 0.3916874972 0.3857588724 0.3795143249 0.3729538546 0.3661008402 0.3589581852 0.3514920964 0.3437025737 0.3355896173 0.327153227 0.3183934029 0.309310145 0.2999034533 0.2901733277 0.279966829 0.2685385629 0.2565273634 0.2438133997 0.2303363895 0.2159737054 0.2002952241 0.1839906738 0.1670283469 0.149024184 0.130009214 0.1099834369 0.08894685286 0.06689946171 0.04384472616 0.01984586797 1.00000003e-05 1.000000158e-05 1.000000217e-05 1.000000209e-05 1.000000133e-05 1.000000046e-05 1.00000001e-05 0.01996006993 0.04348638364 0.06581147452 0.08700040323 0.1079934743 0.1281791483 0.1475574252 0.166128305 0.1825480014 0.198329647 0.2133964901 0.2277485309 0.2413857691 0.254308205 0.2664988405 0.2780674412 0.289157705 0.2994450898 0.3093791433 0.3191113486 0.3282509465 0.3369211315 0.3451050282 0.3529520826 0.3604622946 0.3678195177 0.3748155802 0.3814286299 0.3876586668 0.393505691 0.3989697023 0.4040507009
	 0.3981246077 0.3928012367 0.3867253497 0.3802115805 0.3733818885 0.3662362739 0.3587747364 0.351029891 0.3429695518 0.3345857788 0.325878572 0.3168479313 0.3074938568 0.2978163486 0.2878154064 0.2774910305 0.2668432208 0.2550770709 0.2421612444 0.2287194475 0.214664784 0.2000297004 0.1847685478 0.1688614651 0.1523619219 0.1353406863 0.1175183877 0.09868528196 0.0788413692 0.05850786198 0.0380494745 0.01725720414 1.000000047e-05 1.000000268e-05 1.000000421e-05 1.000000499e-05 1.000000453e-05 1.000000306e-05 1.000000057e-05 0.01718410992 0.03780129347 0.05800774225 0.07780345626 0.09745509055 0.1163133066 0.1343641256 0.1516075475 0.1680994132 0.1840139968 0.1992874882 0.21385882 0.227746936 0.2409547673 0.2534823137 0.2653158686 0.276465532 0.2871703968 0.29749668 0.3074129884 0.316919322 0.3260156808 0.3347002512 0.3428396798 0.3506465691 0.3582854014 0.3655873913 0.3725672443 0.3793617303 0.3857732035 0.3918016639 0.3974471115
	 0.3923581408 0.3869964189 0.3812178463 0.375022423 0.368410149 0.3613810243 0.3539350489 0.3460722229 0.3377925461 0.3290960186 0.3199818441 0.3104654129 0.3005490964 0.2902773377 0.2796821452 0.2687635189 0.2575214588 0.2459559649 0.2323576646 0.2191925919 0.2055699246 0.1909319702 0.175690217 0.1598973838 0.1435534703 0.1266584766 0.1097669363 0.09168138009 0.07326194104 0.05450861912 0.0354110352 0.01604253244 1.000000049e-05 1.000000343e-05 1.000000537e-05 1.00000063e-05 1.000000622e-05 1.00000047e-05 1.000000085e-05 0.01605171478 0.03535026483 0.0542383508 0.07271597267 0.09078313045 0.108439843 0.1256865309 0.1424499773 0.158724537 0.1746916609 0.1900150841 0.2046582225 0.218621076 0.2319036448 0.2445303105 0.2565411972 0.2678715331 0.2787918942 0.2893022805 0.2994026919 0.3090931286 0.3183735905 0.3272440776 0.3357045899 0.3437551274 0.3513859056 0.358559221 0.3656464033 0.3727401712 0.3794970967 0.3859561223 0.3921660189
	 0.3902449486 0.3838102178 0.3779763151 0.371780573 0.3651679802 0.3581385368 0.3506922427 0.3428290978 0.3345491023 0.3258522561 0.3167385591 0.3072080115 0.2972606132 0.2868963642 0.2761152645 0.2649173141 0.2533126436 0.2410439358 0.227935958 0.2144712304 0.2005246536 0.1860269965 0.1709782593 0.1553784418 0.1392275442 0.1226216069 0.1054842231 0.08804212878 0.07046839962 0.05253952151 0.03423840889 0.01556506176 1.000000043e-05 1.000000226e-05 1.000000321e-05 1.000000327e-05 1.00000033e-05 1.000000232e-05 1.000000033e-05 0.01556525737 0.03420405976 0.0524323654 0.07026520836 0.08776421765 0.1048936855 0.1216508199 0.1380356207 0.1540480881 0.1695685486 0.1846332564 0.1992938435 0.2133314346 0.2268010306 0.2395581384 0.2514825521 0.2629969911 0.2741014553 0.2847959447 0.2950804593 0.3049549991 0.3144195641 0.3234741542 0.3321187696 0.3403534102 0.348178076 0.355592767 0.3625974832 0.3692023678 0.37540957 0.3819206341 0.3884693375
	 0.3910630601 0.3849986048 0.3785074338 0.3715895469 0.3649456779 0.3579159157 0.3504693028 0.3426058392 0.3343255249 0.3256283599 0.3165143442 0.3069834779 0.2970357608 0.286671193 0.2758897746 0.2645735799 0.2522568315 0.2397573488 0.2269551533 0.2133797063 0.1993182236 0.1848777753 0.1699835016 0.1545381477 0.1385480708 0.1220061637 0.1048387977 0.08741165671 0.06972474072 0.05178289771 0.03362218111 0.01523385048 1.000000047e-05 1.000000253e-05 1.000000371e-05 1.0000004e-05 1.00000034e-05 1.000000216e-05 1.000000042e-05 0.01547830209 0.03398197234 0.05210665546 0.06985235146 0.08721906032 0.1042067821 0.1208329895 0.1370948431 0.1529843632 0.1685015498 0.1836464029 0.1980688737 0.212128029 0.2254849623 0.238003454 0.2501119709 0.2618105129 0.2730990802 0.2839776727 0.2944462904 0.3045049333 0.3141536014 0.3233922947 0.3322210132 0.3406397568 0.3486485257 0.3562473198 0.3634361391 0.3702149836 0.3765838533 0.3825427482 0.3881496379
	 0.3934640534 0.3877698737 0.3816489781 0.3751013668 0.3681270397 0.3607259967 0.3532662293 0.345402447 0.3371218139 0.3284243302 0.3193099958 0.3097788106 0.2998307748 0.2894658883 0.2784070084 0.2668952316 0.2550132856 0.2427652825 0.2300367158 0.2166994949 0.2027536198 0.1881514259 0.1730201417 0.1575979018 0.1415581495 0.1246366789 0.1074559237 0.08997441795 0.07208571021 0.05378980045 0.03508668866 0.01597637484 1.000000058e-05 1.000000325e-05 1.000000503e-05 1.00000057e-05 1.000000476e-05 1.000000304e-05 1.000000054e-05 0.01573635374 0.03466618869 0.05318132702 0.07128176873 0.08897931465 0.106388539 0.1234357969 0.1401210884 0.1564444135 0.1722555297 0.1872578243 0.2016213948 0.2154962178 0.2290787188 0.2416848721 0.2536968761 0.2652989053 0.2764909596 0.2872730392 0.297645144 0.307607274 0.3171594291 0.3263016095 0.3350338151 0.3433560459 0.3512683019 0.358770583 0.3658628894 0.372545221 0.3788175778 0.3846799598 0.390132367
	 0.3974479285 0.3921240243 0.3863734043 0.3801960685 0.3735920169 0.3665612495 0.3591037662 0.3512195672 0.3429379694 0.3342401669 0.3251255137 0.3155940098 0.3056440043 0.2953073684 0.2846005632 0.2735235887 0.262076445 0.2502591319 0.2376633993 0.2243998071 0.2105275608 0.1960812308 0.1811419424 0.1651073767 0.1479852804 0.1313304209 0.1138827109 0.09549358308 0.07631429262 0.05682970744 0.03700963362 0.01681055167 1.000000061e-05 1.000000341e-05 1.000000442e-05 1.000000465e-05 1.000000411e-05 1.000000279e-05 1.000000047e-05 0.01693570572 0.03708104322 0.05674902914 0.07588567351 0.09424575685 0.1123023873 0.1299407068 0.1470348111 0.1634984532 0.1796133358 0.1949712324 0.2094170127 0.2231032002 0.236715479 0.249885602 0.2625508516 0.273968798 0.2848733318 0.2953678907 0.3054524748 0.3151270841 0.3243917187 0.3332463784 0.3416910633 0.3497257734 0.3573505088 0.3645652693 0.371370055 0.377764866 0.3837497021 0.3893245634 0.3945229429
	 0.4030146855 0.3980610568 0.3926807123 0.386873652 0.3806398759 0.373979384 0.3668921763 0.3593782528 0.3514376135 0.3430702584 0.3339678191 0.3248063242 0.3152746599 0.3053728263 0.2951008234 0.2844586512 0.2734463098 0.262063799 0.2498352037 0.2366452403 0.223009642 0.2090995359 0.1942189102 0.1781258139 0.1606497024 0.14257753 0.1237415514 0.1038455837 0.08329749454 0.061956555 0.03982276507 0.01783662819 1.000000022e-05 1.000000205e-05 1.000000387e-05 1.000000389e-05 1.000000273e-05 1.000000152e-05 1.000000024e-05 0.0187777523 0.04092192806 0.06229191325 0.08285884504 0.1026942037 0.1218879061 0.1404681669 0.1586210992 0.1758496167 0.192166018 0.207570303 0.2220264811 0.2355833148 0.2485485101 0.2609634209 0.2728734583 0.2842786222 0.2951789127 0.3054121802 0.3152092436 0.3245963323 0.3335734462 0.3421405852 0.3502977495 0.358044939 0.3653821537 0.3723093935 0.3788266586 0.3849339489 0.3906312644 0.395918838 0.4008792803
	 0.4100234957 0.4055809711 0.4005709021 0.3951341174 0.3892706168 0.3829804004 0.3762634682 0.3691198202 0.3615494564 0.3538938099 0.3458987628 0.3374979443 0.3286913545 0.3194789933 0.3098608608 0.2997004191 0.2891228799 0.2781751715 0.266552129 0.2538000143 0.2409190905 0.2272640628 0.2124965627 0.1962904011 0.1789476778 0.1604607255 0.1407265395 0.1198986784 0.09797714209 0.0749619306 0.05080226118 0.02405185637 9.999999995e-06 1.000000015e-05 1.000000009e-05 9.999999965e-06 9.99999978e-06 9.999999534e-06 9.99999988e-06 0.02127047453 0.04698718149 0.07215945583 0.09568522589 0.1175644916 0.137944314 0.1573777547 0.1757483365 0.1931129601 0.2094820318 0.2248008246 0.2391588358 0.252360939 0.2645531195 0.2762304513 0.2873929345 0.2980422878 0.3081873661 0.3178275709 0.3269629022 0.3360150184 0.3447046116 0.3529842301 0.3608538737 0.3683135425 0.3753632365 0.3820029558 0.3882327002 0.3940524698 0.3994471395 0.4042589062 0.4085756614
	 0.4186298131 0.4146837672 0.4100439738 0.4049774645 0.3994842395 0.3935642986 0.3872176419 0.3809294046 0.3744229304 0.3675106848 0.3601926679 0.3524688796 0.34433932 0.3358039891 0.3268628868 0.3175160132 0.3077633682 0.2980162826 0.2887700953 0.2767398433 0.2645245211 0.2509665279 0.2364448592 0.2211359854 0.204985772 0.1879942187 0.1677230209 0.1457602716 0.1226050765 0.1009023766 0.07281965263 0.03730336428 1.000000014e-05 1.000000068e-05 1.000000105e-05 1.000000082e-05 1.00000005e-05 1.000000041e-05 1.000000011e-05 0.02932342793 0.06180659076 0.09145459971 0.1200869742 0.1456779042 0.1657607986 0.1840687723 0.2013714949 0.2176689663 0.2329611865 0.2477634898 0.2613512475 0.2737684132 0.2850168784 0.2959069519 0.3062821768 0.3161425529 0.3254880804 0.3343187592 0.3426572023 0.350532448 0.3579028202 0.3657773129 0.3733594358 0.380531584 0.3872937574 0.3936459559 0.3995881797 0.4051078474 0.4096478932 0.4135190184 0.4173796191
	 0.4288613357 0.4253694452 0.4210999272 0.4164036935 0.411280744 0.4062983823 0.401280481 0.3958568084 0.3900273644 0.383792149 0.3771511624 0.3701044043 0.362651875 0.3547935743 0.3468504637 0.3390903871 0.3312161724 0.3232074518 0.3150642253 0.3047406026 0.2938599419 0.282428237 0.2701536948 0.2570649072 0.2430570008 0.2278225514 0.2083117702 0.1928540109 0.1708430663 0.1425510822 0.1172857573 0.09116432745 0.06833793802 0.06316246786 0.05822832041 0.05550347093 0.05387301497 0.05772224356 0.05978293357 0.08077082863 0.1179843249 0.1484221351 0.171312537 0.1893190382 0.2062028909 0.2230419657 0.2386386333 0.2531623378 0.2666130791 0.2790545851 0.2907191023 0.3013309658 0.3110046436 0.3204047954 0.3295314212 0.3383845212 0.3469640951 0.3552701431 0.3628481914 0.3698619146 0.376360789 0.3823932534 0.3879986665 0.3946990635 0.4011737162 0.4072383941 0.4128930972 0.4169913721 0.4205230773 0.4241395842 0.4276755414
	 0.4407180637 0.4375085939 0.4337387625 0.4300007432 0.4264714148 0.422536315 0.4181969872 0.4134948008 0.4084477622 0.4030558716 0.3972755698 0.3912944129 0.3851565943 0.3788621141 0.3724109722 0.3658031686 0.3590387033 0.3521084263 0.3444820393 0.3358411142 0.327087879 0.3181149762 0.3085992053 0.2982458876 0.2870550229 0.2755756388 0.2615107042 0.248323882 0.2362266296 0.2269112609 0.2177831995 0.2079478512 0.1961552838 0.1819633946 0.1763128368 0.1736753282 0.1735250933 0.1753849895 0.1789724464 0.1858763439 0.2024963958 0.219344637 0.2294171923 0.2411673066 0.2548083357 0.2681332413 0.2811420236 0.2935222619 0.3045774819 0.3146150957 0.3241556367 0.3330161976 0.3412474526 0.3492051817 0.3568893848 0.364300062 0.3714372132 0.3783008385 0.3848909378 0.3912075112 0.3972505586 0.4030200801 0.4085160756 0.413519024 0.4172504413 0.4227802703 0.4264228808 0.4297476786 0.4329919268 0.4361556253 0.4392387741
	 0.4544049522 0.4515923986 0.4494621507 0.4470327605 0.4442585181 0.4411394236 0.4371963599 0.4330839697 0.4288149179 0.4243892045 0.4198068293 0.4150677925 0.410172094 0.4051197338 0.399910712 0.3945450285 0.388973652 0.3832300014 0.3769502463 0.3703549384 0.3636617332 0.3568141095 0.3497740215 0.3421806614 0.3341924235 0.3248263345 0.3161992479 0.3085277277 0.3018117737 0.2960513859 0.2911238653 0.2861680121 0.2812273381 0.2753988335 0.2708140249 0.2675078122 0.2661821479 0.2665288691 0.2695258107 0.2755150419 0.2840346726 0.2888707873 0.2918537832 0.3011829716 0.310379407 0.3195042505 0.3287416508 0.3376629277 0.3462680811 0.3541893727 0.3616202258 0.3688241085 0.3756129408 0.3821282472 0.3883700276 0.3942935258 0.3999517418 0.4053454045 0.4104745141 0.4153176118 0.4198655205 0.4241258398 0.4280985697 0.4317837101 0.4360738486 0.4402424214 0.4425393418 0.4447210947 0.4468849313 0.4494389767 0.4520693171
	 0.4699513927 0.4686997956 0.4666128339 0.4643692106 0.4619689255 0.4594119788 0.4566983705 0.4538281004 0.4508011687 0.4476175753 0.4442773202 0.4407804035 0.437126825 0.4333165849 0.4294186738 0.4254843868 0.4213997373 0.4171659229 0.412791692 0.40827497 0.4036157568 0.3988613062 0.3939142671 0.3890299143 0.3839342881 0.3790264743 0.374424188 0.3701274292 0.3661361979 0.3624504941 0.3590339011 0.355913676 0.3526449537 0.3481516794 0.3448841184 0.3428422706 0.3420261361 0.3424357148 0.3440710068 0.3469842139 0.3505860648 0.3549029025 0.3598110644 0.3651591502 0.3704662645 0.3757396804 0.3810079546 0.3862710871 0.3915290777 0.3967819266 0.4017652323 0.4068184406 0.4120583483 0.4170106666 0.4216753954 0.4260525347 0.4301420846 0.433944045 0.437458416 0.4406851975 0.4436243895 0.4466281112 0.4497483344 0.4527554118 0.4557248728 0.4587328978 0.46096951 0.462545135 0.4641674196 0.4658117429 0.4674173915
	 0.4871996597 0.4855291895 0.4840801696 0.4828338224 0.4814648417 0.4799732276 0.4783589799 0.4766220987 0.474762584 0.4727804358 0.4706756542 0.4684322458 0.4660408402 0.4638713413 0.4614131626 0.4588389172 0.456148605 0.4535910606 0.4510179129 0.4482548119 0.4454097449 0.4425946937 0.4397395058 0.4367092975 0.4334609178 0.430533376 0.427992812 0.4256148074 0.4233993623 0.4213464765 0.4194879185 0.418124968 0.4170530433 0.4155815607 0.4132730036 0.4113937359 0.4103929754 0.4102707221 0.411026976 0.4126617371 0.4153111855 0.4179573723 0.4204888429 0.4230480879 0.4257574179 0.4286931524 0.4316237451 0.4345491961 0.4374952237 0.4404479828 0.4434072887 0.4463711247 0.4493394909 0.4525037622 0.4555597743 0.458328197 0.4608090302 0.4630022739 0.4649568214 0.4668970185 0.4688019982 0.470670683 0.4724024682 0.4741728173 0.4759817304 0.4778292074 0.4795942254 0.4805021041 0.4814566425 0.4824578405 0.4835056983
	 0.5037544162 0.5035304833 0.5025779977 0.5017336539 0.50136052 0.5009902368 0.5004973202 0.4998817701 0.4991435864 0.4982827693 0.4972993187 0.4961932345 0.4950436 0.4939587332 0.492914035 0.4919095054 0.4908154874 0.4899102048 0.4888867175 0.487893246 0.4869297901 0.48599635 0.4850929256 0.4841707605 0.4831495008 0.4820715127 0.4811560841 0.4804032148 0.479812905 0.4793851546 0.4791199635 0.4786555665 0.4780363607 0.4775049314 0.4769337087 0.4763318922 0.4757103051 0.4750580807 0.4751361226 0.4760926717 0.4775871945 0.4782955103 0.4789938388 0.4797331831 0.4805135431 0.48135827 0.4822553072 0.4832004418 0.484141629 0.4851188125 0.4860958056 0.4870405588 0.4879883115 0.4889405944 0.4899173631 0.491077069 0.4918411469 0.4925661005 0.4932558368 0.4939103557 0.4944823442 0.4950150176 0.4955862549 0.4961960561 0.4968444213 0.4975313504 0.4982568434 0.4986536204 0.4989404126 0.4992738644 0.4996539759
	 0.51951255 0.5205309727 0.5205269163 0.5206310016 0.5208432287 0.5211635975 0.5217765227 0.5222823036 0.522665451 0.5229259649 0.5230638453 0.5230790922 0.5233097738 0.5235864575 0.5239033098 0.5242603306 0.5248523472 0.5255616531 0.5263668127 0.527267826 0.5282646929 0.5292319209 0.5302101076 0.5311785525 0.532048061 0.5328646325 0.5336952981 0.5345625058 0.5352943755 0.535957664 0.5365342636 0.5370241744 0.5374660547 0.538018376 0.5385232143 0.5389805694 0.5393904414 0.539740684 0.5400337044 0.5384743089 0.5377828086 0.5375391127 0.536835835 0.535881953 0.5348673442 0.5337920084 0.5326559458 0.5315123583 0.5305484889 0.5295811975 0.5286137156 0.5276460431 0.5267619275 0.5260753709 0.5252644429 0.5242626052 0.5233648705 0.5225712387 0.5219401208 0.5212594985 0.52059306 0.5199651855 0.5193758749 0.5188251282 0.5183129455 0.5178393267 0.5174042718 0.516999684 0.5166187298 0.5162844354 0.5159968007
	 0.5341425652 0.5360304838 0.5374073285 0.5385275451 0.5396882013 0.5409569992 0.542333939 0.5438236992 0.5453281777 0.5467100226 0.5479692341 0.5492875139 0.5508855796 0.5525238138 0.5542022166 0.5564163374 0.5587291837 0.5611378837 0.5636424373 0.5662428447 0.5689022565 0.5717763787 0.5749828903 0.5785217914 0.5818115886 0.5848001165 0.587439446 0.589729577 0.5916705095 0.5934063519 0.5951086317 0.5967348591 0.5983310189 0.6000708547 0.6017816747 0.6035446469 0.6043550462 0.6042128729 0.6031657393 0.6016344557 0.5994149324 0.5970415856 0.5945431668 0.591919676 0.5891418871 0.5861889644 0.5830610684 0.5798878867 0.5767972119 0.5738727826 0.5710514273 0.5682432558 0.5654611966 0.5626835647 0.5599269978 0.5573454862 0.5549663064 0.5527894585 0.5508020252 0.5486364852 0.5466513878 0.5448467331 0.5432225211 0.5417787516 0.540387303 0.5387531362 0.5371575334 0.5356004945 0.5344915943 0.5334895537 0.5325341727
	 0.5480003709 0.5502852694 0.5524006438 0.5546955136 0.5571698789 0.5597495966 0.5620749655 0.5645084761 0.5670501284 0.5696349425 0.572015485 0.5748114013 0.5777710174 0.5808455835 0.5846661165 0.5885825031 0.592399538 0.5961075408 0.6001479331 0.604520715 0.6092258863 0.6142948809 0.6197452663 0.6255528023 0.6315345786 0.6370124358 0.6420349181 0.6466020255 0.6507137582 0.6543909576 0.657354145 0.6598255339 0.6627102948 0.6678393178 0.6711671797 0.6727636665 0.6732607949 0.6727907156 0.6712341316 0.668803363 0.6647923236 0.6602896163 0.6556618369 0.6509755731 0.6459462586 0.6398546138 0.6333506334 0.6278698571 0.6222285677 0.6170537192 0.6121738286 0.6073312875 0.6025415709 0.5980660772 0.5937929154 0.5897220855 0.5858535874 0.5821874211 0.5786467143 0.5751383728 0.5718104739 0.5686630177 0.5656960042 0.562914442 0.5604021184 0.5580903213 0.5559790505 0.554080185 0.5524003585 0.5507518966 0.5491485651
	 0.5613556348 0.5641524718 0.5670063759 0.5700397754 0.5732526704 0.5766450608 0.5802169467 0.5839683281 0.587687209 0.5912854322 0.595028344 0.5994515945 0.603932593 0.6084385285 0.6133128015 0.618519464 0.624058516 0.6298985022 0.6360456953 0.6425500389 0.649411533 0.6566301776 0.6642059727 0.6721389183 0.6804181307 0.6885085982 0.6961197412 0.7033714234 0.710279336 0.716894262 0.7235563352 0.7298780408 0.7363096723 0.7434051186 0.7484304244 0.7513855897 0.7522706145 0.7501406127 0.7459685394 0.7394433384 0.7348651918 0.7283140357 0.7204077985 0.7116064116 0.7015747046 0.6919593889 0.6829093136 0.6744228522 0.6663354141 0.6587144169 0.6515598604 0.6447256558 0.6384199479 0.6324498344 0.6265995469 0.6209754977 0.6155776868 0.6104500791 0.6055654215 0.6008812904 0.5963976856 0.5921146072 0.5880320552 0.5841500296 0.5804790694 0.5771023932 0.5740254604 0.5712482711 0.5688469001 0.5665934311 0.5643850923
	 0.5742083568 0.5776320911 0.5812245248 0.5849964541 0.5889478787 0.5930787989 0.5973892145 0.6018791255 0.606548532 0.611397434 0.6165482515 0.6216621885 0.6272689766 0.6333787213 0.6399998261 0.6470188121 0.6544087151 0.6621695352 0.6703012723 0.6788039265 0.6876774977 0.6969219859 0.7065373912 0.7165237136 0.7230547397 0.7327727122 0.745826569 0.7608330558 0.77559066 0.7900993814 0.8043592202 0.816727619 0.8269819742 0.8367043251 0.8431004542 0.8466007924 0.8470248944 0.8443727603 0.8386443899 0.8264418674 0.8108834753 0.7958324834 0.7811689478 0.7676880916 0.7553049792 0.7423743074 0.730212238 0.7187939014 0.708148631 0.6981451305 0.6886701166 0.6797235894 0.6714859075 0.663758587 0.6562575048 0.6490292186 0.6425743326 0.636319973 0.6302661397 0.6244128329 0.6187600524 0.6133155481 0.6081543649 0.6032929252 0.5987312289 0.594469276 0.5904165414 0.5866605686 0.5834670306 0.5806040604 0.5778390874
	 0.5865726592 0.5907241272 0.5950550907 0.5995655496 0.604255504 0.6091249538 0.6141469129 0.6193321066 0.6247465431 0.6303902225 0.6362631448 0.6423697369 0.6488990224 0.6559312645 0.6634664631 0.6715046182 0.6801639496 0.6893266695 0.6989835299 0.7091345308 0.7197796723 0.7309189543 0.7419296637 0.7518385494 0.7649808899 0.7813566853 0.8009659357 0.8238086409 0.849884801 0.8790778649 0.9067362127 0.9345735493 0.9586311911 0.9615997241 0.9642978553 0.9662857124 0.9676557028 0.9641464719 0.9624557261 0.9408705179 0.9042436615 0.8702691493 0.8419177959 0.8192417008 0.8023741405 0.7891866901 0.7738816127 0.7593605889 0.7459980221 0.7339163966 0.7223641544 0.7112926554 0.7007496431 0.6911517945 0.6826813041 0.674856716 0.6672326543 0.659809119 0.6525896211 0.6454861214 0.6383806445 0.6316804598 0.6253855672 0.6194959668 0.6140116585 0.6089326424 0.6042589185 0.5999904867 0.596146184 0.5928851576 0.5897221284
	 0.5985385826 0.6034285803 0.6083953836 0.6132544642 0.6183427876 0.6236603539 0.6292071631 0.6349832151 0.64098851 0.6472230477 0.6536868283 0.6603798518 0.6677146999 0.6756694393 0.6841271353 0.6930877878 0.7025513968 0.712580214 0.7236222105 0.7351583475 0.747188625 0.760507093 0.7745207021 0.7870395214 0.8007368583 0.8175701363 0.8375393554 0.8606445156 0.8868856168 0.9162626592 0.9458196496 0.9756851141 1.00000001 1.000000092 1.000000205 1.000000199 1.000000095   1 0.9999999944 0.9733705458 0.941996892 0.9128626656 0.8859678666 0.8613124951 0.8391860024 0.8222313327 0.8075835453 0.7920322157 0.7773831528 0.7636363565 0.7506915789 0.7379670201 0.7257353232 0.7151119875 0.7057217524 0.696336392 0.6872709396 0.6781273057 0.6695721231 0.661548895 0.6539309591 0.6467183154 0.6399109638 0.6335089043 0.627512137 0.6219206619 0.6167344789 0.6119535881 0.6075779895 0.6037586673 0.6001975819
	 0.6091093509 0.6140258815 0.6190179807 0.6243069562 0.6298928079 0.635775536 0.6419551403 0.6483431139 0.6549392671 0.6617646632 0.6688193022 0.676103184 0.6837160089 0.6925932457 0.7019734391 0.711856589 0.7222426954 0.7330715085 0.7442937139 0.756714548 0.7697918173 0.783549374 0.797987218 0.8131053494 0.8289025699 0.8459159197 0.8641987217 0.8837509761 0.9045726827 0.9266638417 0.9519799678 0.9791945741 1.000000031 1.000000257 1.000000444 1.000000345 1.000000231 1.000000102 0.9999999965 0.9780567094 0.9535708431 0.930360535 0.9082675453 0.8872928779 0.8674365328 0.8487172455 0.8311380854 0.8148111697 0.7996368514 0.7852872764 0.7712639682 0.7579276372 0.7453021895 0.7337929581 0.7231299966 0.7129491855 0.7031804786 0.6937956008 0.684794552 0.6762448521 0.6681144571 0.6603893544 0.6530695438 0.6461550253 0.639645799 0.6335418649 0.6278432229 0.622549873 0.6176618154 0.6132245896 0.609265448
	 0.6172152192 0.6222165916 0.6274584295 0.6329407329 0.6386635017 0.6446176654 0.6508199722 0.6574629078 0.6646513608 0.6722052092 0.6801244531 0.6884090924 0.6970689219 0.7062014283 0.7158285712 0.7261277095 0.7369347159 0.74818745 0.7601460404 0.7728875552 0.7862691176 0.800274431 0.8149555773 0.830317011 0.846358732 0.8628817776 0.8801391839 0.8986770923 0.9181472316 0.9384390311 0.9595524906 0.9814876103 1.000000039 1.00000018 1.000000194 1.000000191 1.000000147 1.000000088 1.000000015 0.9823023628 0.9611572497 0.9405460021 0.9206314642 0.9016168059 0.883300714 0.8653468003 0.8483432197 0.8322495977 0.816778476 0.8018819331 0.7876292268 0.7740634978 0.7611847459 0.7489929713 0.7377055709 0.7272202414 0.7170955718 0.7073818954 0.6980792122 0.6891875223 0.6807068257 0.6726178308 0.6648613072 0.6574343297 0.6504126444 0.6437962512 0.6375851502 0.6317793414 0.6263788247 0.6213836001 0.6169257266
	 0.6231263632 0.6282004467 0.6335149957 0.6390700101 0.6448654901 0.6509014355 0.6578847237 0.6654991227 0.6732998677 0.6810823142 0.689230156 0.6977433933 0.7066567229 0.7160622416 0.7259623968 0.7363571884 0.7472466164 0.7587878204 0.7710661061 0.7838741133 0.7973140852 0.8113860217 0.8260899229 0.8413526094 0.8572022011 0.8738652673 0.8910222837 0.9086485291 0.9267440037 0.9453087072 0.9643426399 0.9837047498 1.000000067 1.000000409 1.000000599 1.000000641 1.000000556 1.000000345 1.000000027 0.9840508093 0.9648686656 0.9460251643 0.9275231684 0.909450805 0.892122164 0.875118274 0.8587385899 0.8429690299 0.8278095938 0.8132602817 0.7993176837 0.7859885445 0.7730974228 0.7606803151 0.7489074674 0.7378266321 0.72745627 0.7174969011 0.7079485255 0.6988111431 0.6900847539 0.681769358 0.6738649553 0.6663715459 0.6591764602 0.6522978453 0.6457682472 0.639587666 0.6337290174 0.6282213338 0.6231784178
	 0.6268427828 0.6319895774 0.6373768375 0.643004563 0.6488727541 0.6549814106 0.661875125 0.6692741222 0.6771255263 0.6854293373 0.6941855553 0.7030435964 0.712227491 0.721906022 0.7320791895 0.7427469934 0.7539094338 0.765635907 0.7780156202 0.7909247495 0.8043579333 0.8182747534 0.8328220775 0.8479304797 0.8635839611 0.8796882278 0.8962680576 0.9133234505 0.9308544065 0.9485752989 0.9665797681 0.9848692945 1.00000009 1.000000452 1.000000684 1.000000785 1.000000682 1.000000444 1.00000008 0.9849909495 0.9669533486 0.949289872 0.9318433674 0.9145700412 0.8975435569 0.8808146288 0.8645743378 0.8489690314 0.8339738491 0.8195887907 0.8058138563 0.7926264107 0.780026202 0.7679578834 0.7562310327 0.7450046575 0.7342197631 0.7241467857 0.7143527176 0.7049696427 0.695997561 0.6874364726 0.6792863775 0.6715472755 0.6642191668 0.6573020514 0.6507959292 0.6445056552 0.63848703 0.6328174216 0.6274429697
	 0.6283681038 0.6335839837 0.6390439549 0.6447443915 0.6506852937 0.6568691074 0.6636002957 0.670783891 0.6784198932 0.6865083024 0.6950491186 0.704327289 0.7140079045 0.7237955991 0.7341789494 0.7451197656 0.7565552182 0.7684314143 0.7807424466 0.7935828951 0.8071091419 0.821193714 0.8356929126 0.8506764564 0.8661792139 0.8820509692 0.8984224625 0.9152286153 0.9323198254 0.9496960927 0.9673504844 0.9852010532 1.000000094 1.000000542 1.000000744 1.000000768 1.000000663 1.000000426 1.000000069 0.9853851366 0.9678370384 0.9504660308 0.9332721139 0.9162552877 0.8995246455 0.883097874 0.867030289 0.8515709568 0.836665863 0.8223516546 0.8085427807 0.7952565867 0.7825083506 0.7702622664 0.7582676207 0.746894762 0.7360371301 0.7256947249 0.7161173905 0.7069028172 0.6980486025 0.6895547465 0.6814212492 0.6736481105 0.6662353306 0.6591829094 0.6524908468 0.6461591429 0.6401877978 0.633589863 0.6280981358
	 0.6277200406 0.6329836656 0.6385163479 0.6442894957 0.6503031089 0.6565444492 0.6630602357 0.6700284291 0.6774490295 0.6853220369 0.6936950116 0.7026981253 0.7122508546 0.7223531997 0.7327984239 0.7437720655 0.7552910954 0.7672437936 0.7796116967 0.7925182683 0.8059635086 0.8199474173 0.8345397365 0.8496510413 0.8652034361 0.8811544779 0.89753812 0.9143332979 0.9314753454 0.9489557802 0.9667672784 0.9849098402 1.000000074 1.000000405 1.000000605 1.000000608 1.00000044 1.000000252 1.000000045 0.984975948 0.9669142309 0.9491836283 0.9317841403 0.9147157668 0.8980495694 0.8817364306 0.8657577703 0.8502773627 0.835334913 0.8209357608 0.8070589253 0.7936805227 0.7807354439 0.7681784558 0.7563401747 0.7450956852 0.7343664224 0.7241523863 0.714453577 0.7053486109 0.6966275976 0.6882669429 0.680266647 0.6726267098 0.6653471312 0.6584279113 0.6513449247 0.6444276608 0.6379128043 0.6317153049 0.6256564161
	
END
startDATA metal2 71 71	
	 0.6246183557 0.630207097 0.6360647024 0.6421911722 0.6485865062 0.6552507044 0.6621846252 0.6694361766 0.6769968725 0.6849130145 0.6933478529 0.7023013877 0.7117743407 0.7217598896 0.7322428274 0.7432231541 0.7547008696 0.766675974 0.7791484673 0.7920707509 0.8054031858 0.8193014086 0.833756346 0.8487257508 0.8642854767 0.8804412597 0.8972492152 0.914341468 0.9316283064 0.9491097305 0.9668233475 0.9848903013 1.000000007 1.000000044 1.000000077 1.000000106 1.000000053 0.9999999852 0.9999999911 0.9849525605 0.9668879999 0.949182869 0.9318136392 0.9146995155 0.8978969635 0.8813997684 0.8652238617 0.8495581077 0.8344249759 0.8198244661 0.8057553752 0.7922644579 0.779332038 0.7669362825 0.7550605778 0.743657492 0.7336108792 0.7244836317 0.7156116171 0.7069948352 0.6986332862 0.6905269699 0.6826758865 0.6750800359 0.667739418 0.660654033 0.6538238807 0.6472489613 0.6409292746 0.6348648208 0.6290555997
	 0.6218308255 0.6272512518 0.6329405425 0.6388986974 0.6451257165 0.651620433 0.6582948517 0.6653106624 0.6726678649 0.6803805647 0.6885850814 0.6973082944 0.7065502039 0.7163108097 0.726590112 0.7373881107 0.7487048059 0.7605401974 0.7729002849 0.7859286314 0.7995214741 0.8134329743 0.8280416648 0.843266018 0.8590642346 0.8754175511 0.892405386 0.9098827618 0.927877373 0.9462340729 0.9649548014 0.9840677131 0.9999999888 0.9999999654 0.9999999031 0.999999914 0.9999999982 1.000000155 1.000000074 0.9842894601 0.9653423376 0.9467986476 0.9287063632 0.9109564592 0.8936228 0.8766860328 0.8601774889 0.8442108386 0.8287860819 0.8139718841 0.7997128721 0.7860055752 0.7728756657 0.760402757 0.7484921465 0.7375189258 0.7271986045 0.7179795951 0.7092171194 0.7007412111 0.6925518703 0.6846490968 0.6770328909 0.6697032523 0.6626601812 0.6559036776 0.6494337413 0.6432503726 0.6373535712 0.6317433373 0.6264196708
	 0.6168198974 0.622072009 0.6275929848 0.6333828248 0.6394415291 0.6455558545 0.6519945325 0.6587746023 0.6658960641 0.6733589177 0.6812319171 0.6897248084 0.6987363961 0.7082586516 0.7181675518 0.7285599194 0.7394357545 0.7509388819 0.7632184552 0.7760084222 0.7892856727 0.8033076842 0.8181023616 0.8335057673 0.8495179011 0.8660922445 0.8834892865 0.902062668 0.9213188224 0.9410425987 0.9613931613 0.9823705101 0.999999948 0.9999997053 0.9999995357 0.9999994394 0.9999995147 0.9999996864 0.9999999523 0.9824493085 0.9616731369 0.9415494612 0.9220782813 0.9032595973 0.8850934092 0.867383513 0.8506064134 0.8345570854 0.819049651 0.8040841102 0.7896604629 0.7758308995 0.7627871035 0.7506864194 0.7392403598 0.7286805758 0.7185862216 0.7089572974 0.6997938031 0.6910957388 0.6828631043 0.6753878673 0.6682894237 0.6614775474 0.6549522386 0.6487134973 0.6427613233 0.6370957168 0.6317166778 0.6266242062 0.6217977095
	 0.6095855716 0.6146693683 0.6200220293 0.6256435545 0.6312191849 0.6370807302 0.6432836674 0.6498279965 0.6567137175 0.6638337629 0.6711580546 0.6787629554 0.687231934 0.6961843801 0.7056202938 0.7155396749 0.7258198163 0.7367310948 0.7483217919 0.7605919075 0.7734466886 0.7868957384 0.8014709638 0.8173392841 0.8336560448 0.8507836264 0.8690875475 0.8888572555 0.9097401748 0.9316915273 0.9547113129 0.9787995316 0.9999999969 0.9999997556 0.9999996085 0.9999995557 0.9999995971 0.9999997282 0.9999999005 0.9794985713 0.9556572087 0.9329956052 0.9116482165 0.8912110835 0.8715160888 0.8527544932 0.8351155418 0.8189734396 0.8032743528 0.788411554 0.7743146145 0.7611231881 0.7488500009 0.7375470166 0.726943265 0.7168857399 0.707192955 0.6978508018 0.6889132747 0.6804411776 0.6724345103 0.664893273 0.6578174656 0.6512070881 0.6450621406 0.6393323541 0.6337775981 0.6283730806 0.6231188016 0.6180147611 0.6130609591
	 0.6001278481 0.60504333 0.6102276761 0.6152848429 0.6205692556 0.6261951041 0.6320452325 0.6381152113 0.6444050405 0.65091472 0.6576442499 0.6645936302 0.6717628609 0.6799398334 0.6888208098 0.6976843749 0.7072273585 0.7174497607 0.7283515814 0.7399328208 0.7521934787 0.7651379794 0.77872891 0.7936224239 0.8104870281 0.8277720617 0.8457346398 0.866748692 0.8900458903 0.9156262348 0.9434897254 0.9736363621 1.000000006 1.000000024 0.9999998899 0.9999996649 0.9999995034 0.9999996307 0.9999999473 0.9750752493 0.9460747627 0.9186836832 0.892902011 0.868729746 0.8461424571 0.8264573778 0.8104365455 0.7962923098 0.7814637268 0.7672740871 0.7540026867 0.7416495256 0.7302569758 0.7200946052 0.7102907893 0.7008455281 0.6917588215 0.683128962 0.6748653601 0.6669664983 0.6592858364 0.6519705662 0.645120726 0.6387363157 0.6328173354 0.6272384465 0.621804368 0.6165205279 0.6113869264 0.6064035634 0.6015704388
	 0.5896367793 0.5938779102 0.5982352933 0.6026961646 0.6073768864 0.6122774585 0.617397881 0.6227381539 0.6282982772 0.6340782509 0.6400780749 0.6462977493 0.6527372741 0.6595717908 0.6678015909 0.6757752229 0.6842973835 0.6934072721 0.7031048887 0.7133902334 0.7242633061 0.7357241069 0.7476449293 0.7607545053 0.778269249 0.7940732475 0.8078145489 0.8258083335 0.8480546013 0.8750284912 0.909253046 0.9498991482 0.9880329543 0.9885914615 0.9886841212 0.9895505116 0.9898852622 0.9891174633 0.9887561102 0.96257073 0.9243375244 0.8898988806 0.8592547985 0.8324052783 0.80935032 0.7903613206 0.7757328487 0.7654565118 0.7536425084 0.7406669202 0.7282337851 0.7167188892 0.706819174 0.6974993559 0.6885380924 0.6799353836 0.6716912295 0.66380563 0.6562785852 0.6490866851 0.6422522661 0.6357825872 0.6296776486 0.6235454635 0.6178524503 0.612390769 0.6070773679 0.6021885944 0.5977010997 0.593454868 0.5894498992
	 0.5780052303 0.5814532931 0.5850199384 0.5886775744 0.5924424363 0.5964271485 0.600631711 0.605056124 0.6097003873 0.614564501 0.6196484651 0.6249522796 0.6304759444 0.6368527836 0.6437026167 0.6507960199 0.658132993 0.6658406815 0.6741373342 0.683021715 0.6922803551 0.7018866101 0.7118643969 0.7223328185 0.7361102498 0.7499677789 0.7632998072 0.7761063347 0.7883873614 0.798944929 0.8135703097 0.8324481736 0.8506218473 0.8580380957 0.8643512728 0.8684873437 0.8687633623 0.8666174267 0.8619902216 0.8539684499 0.8323207199 0.8121092229 0.7933995387 0.7761916676 0.7604856094 0.7462813642 0.7335789319 0.7250667237 0.7157131066 0.7053170281 0.6959165518 0.6866247362 0.6778548871 0.6694589939 0.6614370567 0.6537890753 0.6465150499 0.6396149804 0.6330888668 0.6269367091 0.6212484732 0.6158585872 0.6107179587 0.6059224315 0.6009369733 0.5962056905 0.5917498474 0.5875352673 0.5837373451 0.5803913366 0.5771722051
	 0.5650177826 0.5676742877 0.5704493752 0.5733430452 0.5762825689 0.5793514211 0.5826401238 0.5861486768 0.5898770802 0.5938253339 0.5979934381 0.6023813926 0.6071162159 0.612342512 0.6178123781 0.6235258142 0.6294828203 0.6356749639 0.6419919435 0.6486538513 0.6560991289 0.6639108269 0.6719773183 0.6797602386 0.6894609364 0.6987653751 0.707544313 0.71579775 0.7237699189 0.731073001 0.7376515345 0.7435055195 0.7498452919 0.7578008032 0.7634553962 0.7666081723 0.7674738941 0.7660525616 0.7623441749 0.7563487338 0.7471473799 0.7370870278 0.7278103621 0.7200355093 0.7110700139 0.7018742257 0.6925268224 0.6830278041 0.6745911837 0.6666984199 0.6589677099 0.6513990537 0.644013854 0.6371614 0.6306829019 0.6245783597 0.6188477735 0.6134911432 0.6085084687 0.60384648 0.5994587942 0.5951729463 0.5907863561 0.586820761 0.5830761355 0.5789302061 0.5761886694 0.573509555 0.5704562398 0.5675298016 0.5647302403
	 0.5506759466 0.5525408939 0.5545244237 0.5566265359 0.5588472305 0.5610502766 0.5634231193 0.5660158124 0.5688283558 0.5718607496 0.5751129938 0.5785850884 0.5821946467 0.5860409758 0.5901308749 0.5944399265 0.5988490945 0.6033567334 0.6079628433 0.612667424 0.6174704757 0.6223719983 0.6279393464 0.6335964307 0.6400636954 0.6454257382 0.650261217 0.654901349 0.6593513818 0.6636113155 0.6676811499 0.6715608852 0.6756759315 0.6808331337 0.6844009247 0.6863793043 0.6867682726 0.6855678297 0.6827779754 0.6802747306 0.677236381 0.6721624882 0.6669581739 0.6614673574 0.6556428759 0.6493503183 0.6425896847 0.6367808331 0.6312224207 0.6255734391 0.6199160528 0.6144207203 0.6090874415 0.6039162165 0.5989835104 0.5944224074 0.5902352604 0.5863050491 0.58254086 0.5790360749 0.5756889116 0.5725547574 0.5693647035 0.5659743902 0.5628564441 0.5597060896 0.5582853457 0.5570094087 0.5556050449 0.5540722542 0.5518739896
	 0.5347684426 0.5360326639 0.5372450838 0.5385556382 0.5399847751 0.5415237148 0.5429806976 0.5446575307 0.5465542142 0.5486707481 0.5510071324 0.5532590211 0.5554818131 0.5578995619 0.5604009183 0.5630007457 0.5656990439 0.568495813 0.5713910531 0.5744563268 0.5775844864 0.580660407 0.5836635596 0.5866464957 0.5899711412 0.5934387627 0.5966152361 0.5995005614 0.6020947387 0.6043977679 0.6063192398 0.6078991996 0.6098076999 0.6132201962 0.6153901955 0.615458617 0.6153435602 0.6152878105 0.6148170975 0.6135415935 0.6114612985 0.6088785296 0.6059757653 0.6030315725 0.5997208624 0.5961274942 0.5927025735 0.5892714365 0.5858340832 0.5823905136 0.5789407277 0.5755261496 0.5722661946 0.5691682933 0.5662324458 0.5633212184 0.5601978244 0.5573316132 0.5550151135 0.5529203862 0.5509188237 0.5488686018 0.5467805353 0.5446546243 0.5425213458 0.5406283873 0.5402163097 0.5396758053 0.539006874 0.5382095159 0.537283731
	 0.5188337352 0.5192758462 0.5196624976 0.5199936894 0.5202694217 0.5205240929 0.5213128587 0.5220738318 0.5230546554 0.5242553293 0.525535635 0.5260538703 0.5266474151 0.5273394308 0.5281792214 0.5294294374 0.5308386448 0.5322089608 0.5335403013 0.5348326665 0.5360860563 0.5373004707 0.5384759098 0.5396484337 0.5408796358 0.5420480061 0.5430948817 0.5442152452 0.5452217752 0.5461138054 0.5468913358 0.5475543664 0.5480332234 0.5489821988 0.549753249 0.5503207278 0.550684635 0.5508449707 0.5508017349 0.5505549275 0.5500404239 0.5483467035 0.5463031081 0.5454193814 0.5441463028 0.5427985597 0.5414946981 0.5401846201 0.5388683259 0.5375458154 0.5362170886 0.5348821456 0.5335409862 0.5325041329 0.5314979561 0.5301869728 0.5287649618 0.5277096614 0.5270094739 0.5262993433 0.5255513682 0.5247655485 0.5239418843 0.5230803755 0.5221810222 0.5216582064 0.5219815614 0.5221680304 0.5222245345 0.5221543064 0.5219573459
	 0.5032946797 0.5029146805 0.5024792216 0.5019883032 0.5014419251 0.5008400875 0.5001827902 0.4995529423 0.4990248578 0.4986895189 0.4985092998 0.49807756 0.4978197853 0.497525638 0.497195118 0.4968215903 0.496403168 0.4959457703 0.4954493973 0.4949140488 0.4943397251 0.4937264259 0.4930741513 0.4924012726 0.4916808983 0.4909994359 0.4903838282 0.4898567909 0.4894666081 0.4892146096 0.4891007955 0.4889924287 0.4885109621 0.4880477218 0.4877536422 0.4879522644 0.4881225884 0.4882407079 0.4883066232 0.488320334 0.4882818405 0.4883337577 0.4887185356 0.4892605136 0.4899351355 0.490631772 0.4913240326 0.4920119173 0.4926954262 0.4933745593 0.4940493165 0.4947196979 0.4953857035 0.4960174846 0.4962639317 0.4967107013 0.497636654 0.4982666148 0.498858731 0.4994130027 0.4999294298 0.5004080124 0.5008746084 0.5013530336 0.5018159941 0.502363845 0.5034105063 0.5043304353 0.5051236321 0.5057900966 0.5063298288
	 0.4881512763 0.4869491667 0.4856915976 0.4843785689 0.4830100806 0.4815861326 0.4801067251 0.4786502163 0.4772811813 0.4755359897 0.4733966134 0.4714614247 0.4695691417 0.4676140186 0.4655960555 0.463515369 0.461406698 0.4592434009 0.4570254775 0.4547188458 0.4523165018 0.4498755746 0.4474913956 0.4448119278 0.4420361788 0.4395474522 0.437396323 0.4354664634 0.4336747881 0.4320212971 0.4305161828 0.4291974023 0.4278934001 0.4263236051 0.4251431892 0.4242351137 0.4235669385 0.4233227855 0.4237279521 0.4247824383 0.4264862441 0.4287344878 0.4305740654 0.432635787 0.4352276465 0.4380193801 0.4408067379 0.4435897199 0.4461987791 0.4486462178 0.4510423841 0.453387278 0.4556808996 0.4579232489 0.4603270888 0.4631354501 0.4658533363 0.4682793162 0.4704014686 0.4722567579 0.4740487426 0.4758252625 0.4775863176 0.4793319078 0.4810620333 0.482776694 0.4845479728 0.4862045945 0.4877344839 0.4891376411 0.490414066
	 0.4734035249 0.471379305 0.4692996256 0.4671644866 0.4650275011 0.4627908097 0.4602576498 0.4582276387 0.4558109516 0.4529417782 0.4497298557 0.4461751839 0.442277763 0.4382685389 0.4344539509 0.4305765229 0.4266362548 0.4226331466 0.4185928481 0.4145193291 0.410391184 0.4061975745 0.4018143573 0.3973062892 0.3925421666 0.3880012643 0.3836835823 0.3795891206 0.3757178792 0.3721085787 0.3688145022 0.3665912706 0.3644145268 0.3596687701 0.3569957402 0.3564703013 0.3565631393 0.3572742542 0.358603646 0.3605513146 0.3631172602 0.3663014827 0.370103982 0.3743729386 0.3797029204 0.3846273497 0.3895005067 0.3943223914 0.3990930037 0.4038123436 0.4084804112 0.4130972065 0.4176627294 0.42217698 0.4267072655 0.4310728889 0.4350732808 0.4387544188 0.442116303 0.4451589332 0.4482847448 0.4511018299 0.453751551 0.4567643062 0.4597615967 0.4627434224 0.4653971936 0.467790508 0.4700570901 0.4721969399 0.4742100575
	 0.4589036245 0.4560319762 0.4531781998 0.4503453478 0.4473341516 0.4440971099 0.4413383193 0.4382231121 0.4347433046 0.4308988969 0.4266898888 0.4220716327 0.4171016655 0.411788949 0.4061334833 0.4001368849 0.394399992 0.388600259 0.382737686 0.3768122729 0.3708267229 0.3645817571 0.3577472385 0.3503536408 0.3424009639 0.3350628244 0.3283967691 0.3215410203 0.3151443322 0.3092243354 0.3039575571 0.2993985714 0.2947470064 0.2879150959 0.2830164045 0.2804467571 0.2797762549 0.281004898 0.2841326862 0.2882514343 0.2931239631 0.2992271183 0.3065608998 0.315095179 0.3241707433 0.3325846203 0.3401453443 0.3472819681 0.3543638408 0.3613909622 0.3683633324 0.3752809514 0.3821438192 0.3887015771 0.3946722323 0.4003236336 0.405655781 0.4106686744 0.4153623139 0.4197366996 0.4237918313 0.4278025648 0.4316026849 0.4353365671 0.4389960962 0.4425475841 0.4459581688 0.4490881758 0.4520914505 0.454967993 0.4577178032
	 0.4442060537 0.4411573626 0.43788456 0.434385912 0.4306614185 0.4270671028 0.4232312999 0.4190308967 0.4144658932 0.4095362894 0.4042420854 0.398583281 0.3925598764 0.386176058 0.379448046 0.3723772849 0.3649637745 0.3572075149 0.3494072651 0.3416852272 0.3339003492 0.3250015716 0.3153100759 0.3050851153 0.2945441383 0.2833346515 0.2703064214 0.258202075 0.2473720298 0.2407512897 0.2324409074 0.2226477283 0.2126279469 0.2014149178 0.1948245029 0.1913706535 0.1909103023 0.1929283127 0.1985346708 0.2071766998 0.218911155 0.2313483368 0.243601124 0.256522278 0.2695506724 0.2812732846 0.2922871695 0.3025923271 0.3121431354 0.3215268199 0.3308557533 0.3401299354 0.3489426962 0.3568199876 0.3641223982 0.3711055549 0.3777694577 0.3841141066 0.3901395016 0.3958456426 0.4012325298 0.406300163 0.4113303458 0.416307575 0.4209273983 0.4251898157 0.4290727858 0.4326978346 0.4361997331 0.4395784812 0.442834079
	 0.4316924452 0.4279321908 0.4239460909 0.4197341457 0.4154139893 0.4108575906 0.4059365917 0.4006509924 0.3950007929 0.3889859931 0.382606593 0.3758625926 0.368753992 0.3612807911 0.3534429898 0.3452550541 0.3367689974 0.3279507956 0.3188323661 0.3093868729 0.2989774791 0.287366713 0.2756191377 0.263159785 0.2499130642 0.2358789753 0.2215592883 0.2050012185 0.1867535063 0.1668161519 0.1451891551 0.121019096 0.09263061583 0.08717062797 0.0808528561 0.07747486579 0.07778413018 0.08109842233 0.08567326326 0.09925168757 0.1217111916 0.1471517625 0.1753986796 0.1980981706 0.2154119997 0.2306992308 0.245235412 0.2590205433 0.2719857296 0.2841821677 0.2958496028 0.3070081853 0.3175161547 0.3264695747 0.3351037407 0.3434186529 0.3515212371 0.3595035506 0.3670128862 0.3740492439 0.3806186151 0.3870913726 0.3931797221 0.3988836636 0.4042031971 0.4091383227 0.4136588872 0.4177883238 0.42179461 0.4256777459 0.4294377314
	 0.4203636042 0.4159664033 0.41130839 0.4063832364 0.4011454233 0.3955739693 0.3896688745 0.3834301389 0.3768577624 0.3699517452 0.3627120871 0.3551387881 0.3472318483 0.3389912678 0.3304170463 0.3215091841 0.312267681 0.3026925371 0.2927837523 0.2816626036 0.2692874482 0.2560194893 0.2418587271 0.227256346 0.2116325366 0.1947335802 0.1757160056 0.1540991092 0.1291178543 0.1007722409 0.06897530596 0.03253611127 9.987648171e-06 9.900949871e-06 9.701611237e-06 9.686057874e-06 9.83132474e-06 9.88001634e-06 9.98021688e-06 0.02961078183 0.06357726778 0.09770479042 0.1273461424 0.1518444183 0.1713039494 0.1892514442 0.2063669082 0.2226616944 0.2381703876 0.2523512129 0.2653618716 0.2778757176 0.2896395521 0.300471695 0.3108558452 0.3206695717 0.3300103203 0.3388780911 0.3472728839 0.3552271371 0.3628011032 0.3699906614 0.3767958116 0.3832165537 0.3892528879 0.3949048142 0.4001365796 0.4047696628 0.4092753268 0.4136535715 0.4179043969
	 0.4098327157 0.4051387703 0.4002006531 0.3950300686 0.3894289567 0.3833973173 0.3769351506 0.3700424564 0.3627311558 0.3550747373 0.347084678 0.3387609778 0.3301036367 0.3211126549 0.3117880322 0.3021297687 0.2921378643 0.281473669 0.269980522 0.2578071807 0.2446377224 0.2305415045 0.2155524832 0.1996706585 0.1828960303 0.1644879659 0.1439156925 0.1223519129 0.09979662697 0.07634126979 0.05214075251 0.02458082267 9.949040708e-06 9.584012449e-06 9.209454728e-06 9.167511581e-06 9.346406387e-06 9.609660043e-06 9.935855591e-06 0.02373301884 0.05084026429 0.07585689049 0.09875840835 0.1208603568 0.142226887 0.1624749441 0.1807657997 0.1976907591 0.213322772 0.227878836 0.2419321782 0.2552481621 0.2676757104 0.2791859115 0.2901868231 0.3007653608 0.3109215247 0.3206553147 0.3298248358 0.3385475102 0.346838277 0.3547446358 0.3622665867 0.3694041295 0.3761572644 0.3825259913 0.3884964362 0.3936515915 0.3986793276 0.4035796444 0.4083525419
	 0.4018266765 0.3968359865 0.3917386294 0.3862334563 0.3802977559 0.373931528 0.3671347728 0.3599074901 0.35224968 0.3441613425 0.3356424777 0.3266930854 0.3173131657 0.3075450456 0.2974700216 0.2871008147 0.2761623029 0.2645435967 0.2522446964 0.2392656017 0.225498612 0.210574135 0.1950431895 0.1791727462 0.1626846051 0.1450668736 0.1260629779 0.1061270189 0.08525899666 0.06345891119 0.04166323081 0.01991778722 9.88208785e-06 9.299513342e-06 9.134334407e-06 9.19820908e-06 9.358172676e-06 9.602495122e-06 9.931176417e-06 0.01955829355 0.04195978356 0.06349359865 0.08434793691 0.1045227983 0.1240181829 0.1428340907 0.1612920902 0.1784452707 0.1943936492 0.209415176 0.2236966718 0.2371134393 0.2499378008 0.2621697563 0.273810839 0.2849805193 0.2957278258 0.3059404082 0.3155196969 0.3246975776 0.3334740503 0.341849115 0.3498227717 0.3574463909 0.3649163265 0.372001854 0.3787029736 0.384413335 0.3899631432 0.3953855321 0.4006805017
	 0.3974665671 0.3912209701 0.3858187214 0.3800013115 0.3737378601 0.3670370437 0.3599056999 0.3523438287 0.3443514301 0.3359285042 0.3270750508 0.31779107 0.3080765618 0.2979315262 0.2871094727 0.2759193137 0.2643236728 0.2523598154 0.2397851166 0.2264879427 0.2124509004 0.1977542455 0.1824175307 0.166440756 0.1497624474 0.1328159351 0.1150661877 0.09641902374 0.07729298662 0.0576880763 0.0376998123 0.0172468994 9.899960498e-06 9.540076539e-06 9.457061128e-06 9.504160982e-06 9.689544234e-06 9.696533151e-06 9.938277513e-06 0.01709591669 0.03746177071 0.05725899839 0.07648759973 0.09505442215 0.1132964955 0.1310685997 0.1484141106 0.1651501461 0.1808358337 0.1959765359 0.2104295028 0.2242900638 0.2375582188 0.2502339678 0.2623173108 0.2738082478 0.2848527836 0.2953407641 0.3053728863 0.3150036006 0.3242329068 0.3330608051 0.3414817714 0.3494856369 0.3570727118 0.3642429962 0.3709964901 0.3773418056 0.3834297432 0.3892804412 0.3948938995
	 0.3947686832 0.3885510541 0.3820833124 0.375987043 0.369454755 0.3624864484 0.3550821233 0.3472417795 0.3389654171 0.3302530362 0.3210789288 0.3114603595 0.3014112628 0.2909679804 0.2801120237 0.2687865125 0.2570976621 0.2448366647 0.2319893098 0.2185380796 0.2044678167 0.1897802652 0.1744838024 0.158553777 0.1420785226 0.1252185544 0.1079683637 0.09032795038 0.07252191426 0.0542391498 0.0354462926 0.01614334264 9.910057997e-06 9.609525151e-06 9.526523213e-06 9.521320068e-06 9.598375189e-06 9.7236617e-06 9.980020391e-06 0.01587655457 0.03486129448 0.05348447863 0.07174610701 0.08964617963 0.1071846965 0.1243616576 0.1411770629 0.1575438972 0.1730981089 0.1881071111 0.2025709035 0.2164894863 0.2298719352 0.2426873635 0.254922614 0.2666231978 0.2778855989 0.2887078622 0.2990899876 0.3089583128 0.3183971915 0.3274192797 0.3360245773 0.3442130844 0.3519848011 0.3593397272 0.3662778628 0.3727992079 0.3790761113 0.3851557027 0.3909980545
	 0.3934112095 0.3872825735 0.3807661299 0.3740744603 0.3672633128 0.3600161467 0.3523329621 0.3442137588 0.3356585369 0.3266672965 0.3172400374 0.3074965845 0.2975365566 0.2871624258 0.2763821766 0.2651476015 0.2534204391 0.2410804426 0.2281805164 0.2147188805 0.2006399559 0.1859437427 0.1707175832 0.1552200527 0.1390662094 0.1225796959 0.1056453262 0.08829734421 0.07061566168 0.0526002786 0.03425085444 0.01555660706 9.948667062e-06 9.726681672e-06 9.589353443e-06 9.53428348e-06 9.561471784e-06 9.696530178e-06 9.949903409e-06 0.01532210091 0.03377928008 0.05194541521 0.06963396359 0.08701879389 0.1041842961 0.1210584596 0.1376412844 0.1537602578 0.1693271834 0.1843550814 0.1988377697 0.2127752483 0.22619098 0.2391094613 0.2512245366 0.26285343 0.2740720328 0.284890597 0.2953045597 0.3052783846 0.3148120716 0.3239425323 0.3327324716 0.3411056205 0.3490619788 0.3566015467 0.363724324 0.3704303108 0.3767195071 0.3829216095 0.3889928548
	 0.3933967684 0.3874155282 0.3810464805 0.3742896251 0.3671735563 0.3596475308 0.3516854866 0.3432874239 0.3346282611 0.3258944282 0.3167464924 0.3071844535 0.2972083117 0.2868180668 0.276013719 0.2647952682 0.2531630989 0.2408730083 0.2280144528 0.2145441552 0.200456569 0.1861276673 0.1712072958 0.1555289867 0.1391154731 0.1223071223 0.1051870291 0.08775519333 0.07001161504 0.05209462023 0.03392197194 0.0154156231 9.949895558e-06 9.712282482e-06 9.538911704e-06 9.429783224e-06 9.506174864e-06 9.6855514e-06 9.947186203e-06 0.01545095335 0.03401147091 0.05221775665 0.07006981056 0.08756763266 0.1047107695 0.1214911804 0.137984014 0.1540730763 0.1695825234 0.1846042859 0.199108457 0.2130879216 0.2265426795 0.2394727309 0.2515132992 0.2630046468 0.2740857039 0.2847564705 0.2950169465 0.304867132 0.314307027 0.3234039618 0.3321650218 0.3405428002 0.348537297 0.3561485121 0.3633764456 0.3702265022 0.3767003402 0.3827573878 0.3888783004
	 0.3947837626 0.3889499184 0.3827282665 0.3761188069 0.3691215397 0.3615971115 0.3540894735 0.3461677326 0.3378318887 0.3290819418 0.3199178919 0.3103397391 0.3003474832 0.2899411244 0.2791206626 0.2678860978 0.25623743 0.244260795 0.2315180165 0.2182022838 0.2045901785 0.1902469658 0.1751964468 0.1594476164 0.1429920321 0.1258576226 0.1083650852 0.09052548192 0.07232818135 0.05383259402 0.03503924096 0.01594812217 9.960455455e-06 9.780921815e-06 9.665630473e-06 9.614581429e-06 9.627774682e-06 9.746665837e-06 9.984266509e-06 0.0158088999 0.03478931218 0.0534708505 0.07183490241 0.08987470488 0.1075902579 0.1249815615 0.1419105122 0.1581963806 0.1738484696 0.1888667792 0.2032513094 0.217061263 0.2305094146 0.2434510359 0.2554360018 0.2667898037 0.2777333151 0.2883181638 0.2985415467 0.308381648 0.3178384677 0.3269120057 0.3354937001 0.3436064992 0.3512913359 0.3585482103 0.3653771222 0.3717780719 0.378073986 0.3847839277 0.390185325
	 0.3975721922 0.3918857438 0.3858114878 0.379497117 0.3731865113 0.3664401141 0.3592579251 0.3516399446 0.3435861725 0.3350966087 0.3261712533 0.3168101063 0.3070131677 0.2967804374 0.286112069 0.2752408365 0.2640308881 0.2523408265 0.2394331003 0.2261151372 0.2124867946 0.1981003297 0.1830054487 0.1672036629 0.1506949721 0.1337632339 0.1160462673 0.09734556385 0.07807792161 0.05824448144 0.03800301862 0.01730371447 9.978340484e-06 9.897174506e-06 9.880250825e-06 9.927569443e-06 9.903526189e-06 9.91326715e-06 9.981352453e-06 0.01734419026 0.03800346362 0.05808308187 0.07758304501 0.09652301899 0.1148855778 0.1324464103 0.1495165593 0.1659542549 0.1817594973 0.1969322864 0.2114726222 0.225384962 0.2386694881 0.2513142927 0.2632252609 0.274314567 0.2849848678 0.2952850407 0.3051839031 0.3146548031 0.3236977408 0.3323127161 0.340499729 0.3482587796 0.3555898677 0.3624929936 0.3695529404 0.3764710733 0.3830518236 0.388978345 0.3938568853
	 0.4017620572 0.3962644444 0.3911648358 0.3856294355 0.3796582436 0.3732512602 0.3664084851 0.3591299183 0.35141556 0.34326541 0.3349264458 0.3263203413 0.3173208585 0.3080231393 0.2984271837 0.2885329917 0.2783405632 0.2662163644 0.2534210915 0.2404100777 0.2266342521 0.2121405998 0.1968977342 0.1809481784 0.164323342 0.1466317611 0.1279028404 0.1081365797 0.08732629626 0.06544970095 0.04252588983 0.01890501414 9.982748341e-06 9.709496013e-06 9.517509365e-06 9.540067015e-06 9.620969008e-06 9.760215343e-06 9.957806022e-06 0.01893714213 0.04206185363 0.06439851839 0.08594713639 0.1067077076 0.1265330661 0.1453412818 0.1626137707 0.1792133092 0.1951692919 0.2104817189 0.2250126947 0.2387042882 0.2516074736 0.2637222512 0.2752686773 0.2861615036 0.2963993136 0.3061994651 0.3155806114 0.3245427525 0.3330858884 0.3412100192 0.3489151448 0.3562696766 0.3640316372 0.3711597477 0.3779206826 0.3843144419 0.3903410255 0.3955128871 0.4000891215
	 0.4082845366 0.4039601334 0.3991913557 0.3939687108 0.3884163638 0.3825343147 0.3763225635 0.3697811103 0.3629099549 0.3557090974 0.3481479098 0.3402506321 0.332055118 0.3235613674 0.3147693805 0.3056791571 0.2952627417 0.2839899224 0.2721235942 0.2598502237 0.2470673625 0.2335089728 0.2186124179 0.2024782184 0.1849261324 0.166165619 0.1463393285 0.1256134379 0.1040750323 0.08007768436 0.05362139409 0.02470616147 9.940784043e-06 9.653368831e-06 9.542013978e-06 9.506976344e-06 9.530283052e-06 9.631940778e-06 9.934351528e-06 0.02479483155 0.05307198131 0.0791252351 0.1030618092 0.1254274051 0.1462238255 0.1654510703 0.1831091394 0.1995954005 0.215081909 0.2297800097 0.2436897024 0.2568109871 0.2691438639 0.2807264539 0.2917825449 0.3021731306 0.3118982112 0.3211084484 0.3300384505 0.3385494474 0.3465332476 0.3542163802 0.3620127043 0.3693641385 0.3761138343 0.3824963544 0.3885116989 0.3941598678 0.399440861 0.4039600204 0.408129865
	 0.4168138735 0.412977706 0.4088118364 0.4043162647 0.3994909909 0.394336015 0.388851337 0.3830369569 0.3768928747 0.3704023876 0.3636073149 0.3565140059 0.3491224604 0.3414326785 0.3334446602 0.3247129835 0.3152831231 0.3052597539 0.2946428759 0.283432489 0.2716191902 0.2590644816 0.2461466196 0.230644536 0.2152010389 0.2002479417 0.1797969691 0.1553185253 0.1287050276 0.09963258754 0.06805596275 0.03185694989 9.991520536e-06 9.94451221e-06 9.887670335e-06 9.851236e-06 9.894123873e-06 9.952245669e-06 9.99275548e-06 0.03016376916 0.06717388724 0.1036424864 0.1342661885 0.1590449938 0.1795528265 0.1966309085 0.2106407288 0.2259896888 0.2405677584 0.2543749376 0.2674112264 0.2798278672 0.2916600431 0.3028820682 0.3132204121 0.3226570434 0.3315173098 0.3399687241 0.3483254239 0.3559528409 0.3632137096 0.3703075611 0.3771494919 0.3835207728 0.3895248782 0.3951618079 0.400431562 0.4053341405 0.4098695434 0.4138233985 0.4175868534
	 0.4276105861 0.4240560878 0.4206172914 0.4168487929 0.4127505923 0.4083226896 0.4035650848 0.3984784057 0.3930837746 0.387390907 0.381399803 0.3751104626 0.3685228858 0.3616370726 0.3545670897 0.3469801883 0.338799778 0.330025859 0.3206835819 0.3114457309 0.3017608137 0.2912041157 0.2801124913 0.26540352 0.2508409918 0.2365361321 0.2224889409 0.2086994181 0.1963663152 0.1788960686 0.1559279466 0.1279670227 0.1025217685 0.09974527285 0.09532104716 0.09241356739 0.09271198907 0.09613582549 0.1016717781 0.1095859172 0.1363155573 0.160624677 0.183766859 0.2058425861 0.2220734162 0.2363620282 0.2492811627 0.26365012 0.2761378335 0.2879590217 0.299170059 0.3097709456 0.3197616814 0.3291422664 0.3379127006 0.3461813431 0.3543783346 0.3614790587 0.368204472 0.3747628681 0.381154247 0.3873876973 0.3933805634 0.399006254 0.4042647689 0.4091561083 0.413680272 0.4178372601 0.4216270726 0.4251030216 0.4284600868
	 0.4405912511 0.4378660481 0.434707592 0.4315662954 0.428195168 0.4244943384 0.4204844969 0.4161920708 0.4116014083 0.4067125094 0.4015253741 0.3960400024 0.3902563942 0.3848250604 0.3790811179 0.3727436666 0.3658128879 0.3586425769 0.35135288 0.3439437971 0.3358619344 0.3269638424 0.3168675341 0.3062718319 0.2959337981 0.2858534328 0.2760307359 0.2664678335 0.2571623806 0.2481126017 0.2393184968 0.2299614253 0.2177989454 0.2099074396 0.2051903308 0.2035239893 0.2039547506 0.2064826148 0.2111075819 0.2178296518 0.2291782971 0.2429823401 0.2550987799 0.2655276164 0.2742688497 0.2837309952 0.294558541 0.3050134851 0.3150796342 0.3249694462 0.3342630767 0.3429605256 0.3510617929 0.3585668787 0.3656815929 0.3722332471 0.3781793739 0.3840605767 0.389769823 0.3953071129 0.4006724464 0.4058658235 0.4109404818 0.415820582 0.4203335066 0.4244792555 0.4282578289 0.4316692266 0.4347333007 0.4377988895 0.440749565
	 0.4537683321 0.4519757259 0.4501497667 0.4482904545 0.4458247179 0.4429174973 0.4397272763 0.4362388189 0.4324521251 0.4283671948 0.4239840282 0.4193026251 0.4154868955 0.411585912 0.4066510258 0.4015482548 0.3963260978 0.3909845549 0.3855236261 0.3799433112 0.373717836 0.3669202268 0.3602169579 0.353788246 0.347615208 0.3414929715 0.3353533258 0.3293432168 0.3234626445 0.3177116089 0.31209011 0.3065981478 0.3016922876 0.29580455 0.2924526047 0.2904181151 0.2897010812 0.2903015031 0.2922395895 0.2973529274 0.3045633682 0.3081892987 0.3141307019 0.3208290206 0.3281521256 0.3361073883 0.3438581328 0.3513605335 0.3586145905 0.3656203039 0.3720038941 0.3779727008 0.383971116 0.3898993995 0.3956148526 0.400490546 0.4055005494 0.4098884221 0.4142669326 0.4186105938 0.4227822986 0.4267820471 0.4306098391 0.4342656747 0.4377495539 0.4411312496 0.4441642326 0.4468300399 0.4492518033 0.4519110024 0.4544552882
	 0.4685740208 0.4672686333 0.46593024 0.4645588409 0.463154436 0.4617170254 0.4600755324 0.4578063724 0.455274012 0.4523549632 0.4487757652 0.4461138406 0.443192435 0.4400936535 0.4368076508 0.433334427 0.429662253 0.4258376223 0.4219555214 0.4180159501 0.4140189086 0.4099623052 0.4058926523 0.4013925739 0.3971160379 0.3930960778 0.3893326937 0.3858258855 0.3825756533 0.3795866502 0.3768066065 0.3741560995 0.3712540711 0.3674823704 0.3651751982 0.3641361102 0.3638662548 0.364365632 0.3656342418 0.3676720842 0.3704824363 0.3738100638 0.377303465 0.38096264 0.385362704 0.3901232225 0.3947883261 0.3993580148 0.4038322886 0.4082111475 0.4124945915 0.4165735125 0.4204752511 0.4242864401 0.4277373479 0.4313477132 0.4350948865 0.4385621509 0.441612576 0.4445429072 0.4473531445 0.450043288 0.4526133375 0.4550632932 0.457393155 0.4595563901 0.4615027278 0.4633197001 0.4651865508 0.4674393602 0.4695772563
	 0.4850078592 0.4841431999 0.483247314 0.4823202014 0.4813618621 0.4803722962 0.4793515036 0.4782994843 0.4771592941 0.4756553873 0.4741599882 0.4722607502 0.4703421629 0.4693132942 0.4675239389 0.4656560979 0.4637307867 0.4617480052 0.459692446 0.4575796569 0.4554178054 0.4532173297 0.4510235798 0.4488405223 0.4465877347 0.4443789276 0.4424266965 0.4407310413 0.439291962 0.4381094588 0.4372586235 0.4362101997 0.4350065539 0.4336872585 0.4332271811 0.4320091669 0.4306840805 0.4301227631 0.4303252149 0.4312914357 0.4329866812 0.4346390875 0.4365166698 0.4385923041 0.4406368465 0.4426507633 0.4451475908 0.4475490035 0.4498550012 0.4520655841 0.4541807521 0.4561948305 0.4578379653 0.4595111977 0.4612771174 0.4631357243 0.4650870184 0.4672671125 0.4691899212 0.4709028988 0.4724957825 0.4739685723 0.4753212682 0.4765538703 0.4776663784 0.4786587927 0.4795311131 0.4804006885 0.4815598422 0.4831283813 0.4846074067
	 0.5019091389 0.5015752242 0.5012100829 0.5008137149 0.5003861203 0.4999272989 0.4994372509 0.4991440489 0.4995565385 0.5002815145 0.5000545349 0.4997839161 0.4994572599 0.4991372475 0.4985249342 0.4979707459 0.4978620271 0.4977042458 0.4974974021 0.4972414959 0.4969365273 0.4965824962 0.4963665829 0.4961365492 0.4958774455 0.4956129556 0.4954727301 0.4955882279 0.4959291424 0.4957661647 0.4955693918 0.4953888449 0.4952897693 0.4952489289 0.495091102 0.4949190837 0.494732874 0.4942716311 0.4935273219 0.4934059214 0.4940974736 0.4945454823 0.4948865007 0.495239846 0.4955137519 0.4957082183 0.4957913776 0.4958781063 0.4960052495 0.496052316 0.4960058421 0.4957682953 0.4956289972 0.4955879477 0.4956451468 0.4958005946 0.496054291 0.4964062361 0.4968882364 0.4973838604 0.4977593904 0.4980148266 0.4981501689 0.4981654173 0.4980605718 0.4978356325 0.4977684682 0.4978361134 0.4980230005 0.4983368565 0.4992365335
	 0.517594762 0.5177915919 0.5179571952 0.5180915718 0.5181947218 0.5182666451 0.5187507609 0.5198152149 0.5211921552 0.5228815819 0.5248834948 0.526124051 0.5274551989 0.5287291922 0.5298356603 0.5310547737 0.5323865326 0.5338309368 0.5353879865 0.5370123315 0.5385642457 0.5400670975 0.5417439394 0.5435066798 0.5452405462 0.5469344211 0.5485933982 0.5495866194 0.550905113 0.5518664359 0.5527681242 0.5536101776 0.5545360976 0.5559017554 0.5569600539 0.5577109931 0.558154573 0.5582907935 0.5581196547 0.5576411565 0.5561043303 0.554053615 0.5524536855 0.5508282649 0.5491506298 0.5474207804 0.5456387165 0.5438044382 0.5419179455 0.5399757145 0.5379415769 0.5360056879 0.5341680475 0.5324286557 0.5307875127 0.5292446182 0.5277999724 0.5264535752 0.5252175918 0.5241470737 0.5231469105 0.5221820509 0.5211000396 0.5198979343 0.5186363339 0.517493229 0.5164693659 0.5155647446 0.5147793651 0.5141132274 0.513659724
	 0.5320647284 0.532792303 0.5334886509 0.5341537721 0.5347876667 0.5360726506 0.537789069 0.5398179738 0.5421593648 0.5448132422 0.547779606 0.551058456 0.5539429633 0.5568209513 0.5597047424 0.562701179 0.5658102609 0.5690319882 0.5723663609 0.575813379 0.5793730425 0.5830453514 0.5870017326 0.5906669235 0.5943436953 0.5979121158 0.6011869404 0.6041918628 0.6070266968 0.609902194 0.612304688 0.6143269839 0.6167632725 0.6206680495 0.6230380687 0.6245590437 0.6252309744 0.625053861 0.6240277033 0.622093396 0.6192793428 0.6160120891 0.6119826917 0.6080791183 0.6041233304 0.6001153282 0.5961178465 0.5920226153 0.5878727603 0.5841175459 0.5800490664 0.5761575561 0.5724430148 0.5689054426 0.5655448396 0.5623612057 0.5593545409 0.5565248452 0.5540326772 0.5515187535 0.5489783607 0.5464860872 0.5441799269 0.5418166298 0.5395763005 0.5374589391 0.5354634698 0.5335865819 0.5318289359 0.5301905317 0.5286713693
	 0.5453190382 0.5465773574 0.5478044499 0.5490538218 0.5511097183 0.5534781011 0.5561589702 0.5591523257 0.5624581675 0.5660764956 0.5700073101 0.5742506109 0.5788475065 0.5834710666 0.5881321808 0.5929059403 0.5977923453 0.6027913957 0.6079030915 0.6131274326 0.6187358291 0.6248548767 0.6314273904 0.6375581139 0.6439514657 0.6500749153 0.6559284627 0.6615121078 0.6668258508 0.6717822817 0.6763463267 0.6805607008 0.6856022531 0.6918107799 0.6958855255 0.6978264902 0.6976336738 0.6956027978 0.6924222376 0.6891184063 0.6850993801 0.6799146529 0.6739164808 0.6675176583 0.6608814205 0.6540711643 0.6470227668 0.6397370749 0.6331478521 0.6271209735 0.6210488425 0.6151536806 0.6094354878 0.6038976768 0.5985767495 0.5934824663 0.5886148273 0.5839738323 0.5798077732 0.5762620322 0.5733133509 0.5697615938 0.5662810692 0.5629230388 0.5596879763 0.5565758816 0.5535867547 0.5507205957 0.5479774045 0.5453656166 0.5431068985
	 0.5573576914 0.5591467552 0.5611541029 0.5638619638 0.566882311 0.5702151445 0.5738604644 0.5778182706 0.5820885631 0.586671342 0.5915666072 0.5969461737 0.602673785 0.6087413865 0.6150970897 0.621659997 0.6283327859 0.6351091593 0.6421407519 0.6496356168 0.6575270792 0.6658453003 0.6745902802 0.6808459819 0.6866469687 0.6958180057 0.7076458745 0.7187556648 0.7291473766 0.7388210098 0.747817778 0.7562249869 0.7646026392 0.7721366754 0.7773470798 0.7801406697 0.7805174452 0.7784774063 0.7740205529 0.7673982164 0.7582235918 0.7461118806 0.7357736651 0.7264243577 0.7166874135 0.7067131747 0.6965016415 0.6860528137 0.6771814617 0.6688411238 0.6606483205 0.6526821614 0.6449426464 0.6372488275 0.6298153514 0.6228875869 0.6164655341 0.6105491929 0.6051385633 0.6002355745 0.5955830712 0.5909750349 0.5864993035 0.5821465399 0.5779167441 0.5738099162 0.5698260561 0.5659414729 0.5623522627 0.5591460734 0.556322905
	 0.5681806879 0.5709695618 0.5743293871 0.5780016987 0.5819864966 0.5862837809 0.5908935515 0.5958158085 0.6010505517 0.6067183197 0.6127864387 0.619194548 0.6259426474 0.6330307372 0.6404588171 0.6484802057 0.6567372434 0.6652777037 0.6742148772 0.6835788095 0.6933695006 0.7035869504 0.7142311589 0.7240509693 0.7343455766 0.7477870429 0.764375368 0.784110552 0.806992595 0.8257798652 0.8417473128 0.8569966819 0.8706910989 0.8784784607 0.8832547698 0.8859941045 0.8855439125 0.8822100284 0.8764768096 0.8689977906 0.8446287077 0.822094181 0.8014584207 0.7826460934 0.7656571992 0.7504917379 0.7379850112 0.7308076852 0.7189961236 0.7070162551 0.696203304 0.6858960647 0.6760945369 0.6667987208 0.6580086163 0.6497242234 0.6419455421 0.6346725725 0.6279053145 0.62164505 0.6158985271 0.6103050946 0.6048346299 0.5994871331 0.594262604 0.5889847126 0.5840650103 0.5795283288 0.5753746683 0.5716040286 0.5682164099
	 0.5785001986 0.5825119883 0.5868362643 0.5914730266 0.5964222753 0.6016840103 0.6072582317 0.6132110577 0.6196196845 0.6263683015 0.6333398432 0.6404482077 0.6479535236 0.6558482555 0.6640664219 0.6726061761 0.6816551133 0.691409946 0.7019548995 0.7133105944 0.7251170061 0.7373741346 0.7500819799 0.7623933594 0.7761988117 0.793219223 0.8134545933 0.8369049224 0.8635702105 0.8934504575 0.9275666024 0.9681510322   1 0.9999999998 0.9999999792 0.9999999817 0.9999999942 0.9999999966 0.9999999995 0.9676583998 0.9279061241 0.8924539233 0.8613017976 0.8344497468 0.811897771 0.7936458702 0.7796940445 0.7678335687 0.7537145253 0.7403102714 0.727620807 0.715646132 0.7043862464 0.6937845751 0.6836297565 0.673982372 0.6648595166 0.6562611905 0.6481873935 0.6410810994 0.6343404121 0.6277522463 0.6211285512 0.6144953357 0.6082451412 0.6023779676 0.5968938149 0.5917926831 0.5870745722 0.5827394823 0.5787874132
	 0.5884097673 0.5933860077 0.5986747345 0.6042759476 0.610189647 0.6163960082 0.622620952 0.6291693302 0.6360411428 0.6432363899 0.6507550715 0.6585971874 0.6667627378 0.6752517227 0.6840641419 0.6931999956 0.703057509 0.7135957266 0.7248430928 0.7368534997 0.7496269473 0.7631634356 0.7774629645 0.7939131434 0.8109874036 0.8294357122 0.84956767 0.8713832768 0.8948825327 0.9200654377 0.9469319917 0.9754821949 0.9999999969 0.9999999326 0.9999998278 0.9999997841 0.9999998648 0.999999964 0.9999999957 0.9754895469 0.9470192274 0.9201844992 0.8949853621 0.8714218161 0.8488192522 0.8299030839 0.8121865524 0.7962055087 0.7810870927 0.7666834661 0.752994629 0.7400205813 0.7277613232 0.7162168544 0.7053871752 0.6949996889 0.6848900722 0.6752171481 0.6666554757 0.6584113485 0.6503663156 0.6424733422 0.6348926556 0.6276949898 0.620880345 0.614448721 0.608400118 0.6027345359 0.5974519746 0.5925524343 0.5880359149
	 0.5972049119 0.6027106138 0.6083232982 0.6142519047 0.6204964334 0.6270568843 0.6339098769 0.6410525081 0.6485185736 0.6563080736 0.6644210081 0.672857377 0.6816171803 0.690700418 0.7001070902 0.7098371968 0.7200436712 0.7314718773 0.7434830223 0.756196944 0.7696739064 0.7840365347 0.7997149514 0.816019444 0.8329817244 0.8509858719 0.8700008287 0.8900265946 0.9110631698 0.9331105542 0.956165287 0.9801641502 0.9999999633 0.9999998008 0.9999997043 0.999999674 0.9999997098 0.9999998227 0.9999999687 0.9800501604 0.9565240936 0.9341992315 0.913010567 0.8920177215 0.8718322699 0.8524542121 0.8338835481 0.817464002 0.8016824577 0.786615703 0.7722637377 0.7586265618 0.7457041754 0.7335136279 0.7219451521 0.7108549246 0.7005675301 0.6906334863 0.6809013051 0.6717617061 0.663091513 0.6549075898 0.6470605151 0.6395502889 0.6321930472 0.6251969729 0.6185839195 0.6123538871 0.6065068755 0.6010428848 0.5959619151
	 0.6018863145 0.6072096691 0.613285541 0.6197992948 0.6266289708 0.633774569 0.6412360893 0.6489809142 0.6570412327 0.6654249856 0.6741321729 0.6831627947 0.6925168509 0.7021943416 0.7121952667 0.7225196262 0.7331674202 0.7449335274 0.7578492809 0.7712910224 0.7853456168 0.7999806291 0.8152417172 0.8311487551 0.8476482679 0.8646694879 0.8824918039 0.9013249291 0.9211688635 0.9415023567 0.9619606873 0.982752878 0.9999999549 0.9999997459 0.999999603 0.9999995562 0.9999996889 0.999999827 0.9999999706 0.9828259978 0.9622089591 0.9420026699 0.9222071301 0.902555718 0.8836977228 0.8656471215 0.848403914 0.8319121619 0.8159976178 0.8007242373 0.7861530429 0.7722650507 0.7590573187 0.7465298467 0.7346963346 0.7235466866 0.7128418646 0.7025156287 0.692599363 0.6830930673 0.6739967417 0.6653121995 0.6571727789 0.6493658927 0.6417270552 0.6344250662 0.6274452195 0.6206507367 0.6142392748 0.6082108338 0.6025654137
	 0.6076528719 0.6130145797 0.6187931386 0.6249885484 0.6316008093 0.6386299212 0.646075884 0.6539386979 0.6622183628 0.6709148788 0.6800290358 0.6895454492 0.6994617499 0.7097334934 0.7203286715 0.7312472839 0.7424893308 0.7540548121 0.7676530381 0.780818008 0.7944405941 0.8090785007 0.8243202075 0.8401129927 0.8564568564 0.8733517986 0.8902433554 0.9083289093 0.9267483233 0.9455015974 0.9645991168 0.9839675421 0.9999999639 0.9999999085 0.9999998585 0.9999998139 0.9999997748 0.9999997652 0.999999946 0.9839582756 0.9646597482 0.9457716996 0.9272941298 0.909227039 0.8915704082 0.8743239867 0.8575608142 0.8412864496 0.825319508 0.8099962464 0.7953532449 0.7813905034 0.7681080221 0.7554814103 0.7434705642 0.7321403036 0.7212200131 0.7107096927 0.7006093424 0.6909189622 0.6816385521 0.6727681121 0.6643076421 0.6562571423 0.6486263953 0.6414531014 0.6343659359 0.6272721841 0.6205152807 0.6140562811 0.6078464107
	 0.6097661383 0.6162008441 0.6220347364 0.6282304691 0.6348430527 0.6418724873 0.649318773 0.6571819097 0.6654618973 0.674158736 0.6832724257 0.6928029664 0.7027503582 0.7131146009 0.7238956946 0.7350936394 0.7466983009 0.7589669885 0.7720749311 0.7855395913 0.7994860939 0.813983675 0.8290323345 0.8446320726 0.8607828892 0.8773887178 0.8945260831 0.9119681767 0.929541871 0.9474706976 0.965771745 0.9844450131 0.9999999478 0.9999997335 0.9999996426 0.9999996751 0.9999997699 0.9999998702 0.9999999759 0.984444736 0.9658059389 0.9475776532 0.9297448439 0.9122459019 0.8951165213 0.8783594905 0.8619748097 0.8459624787 0.8304422044 0.8153776387 0.8007171691 0.7866796784 0.7732101516 0.7604531184 0.7485288032 0.7370144581 0.7259100831 0.7152156782 0.7049312433 0.6950567786 0.685592284 0.6765377595 0.6678932051 0.6596586207 0.6518340065 0.6444193624 0.6374146883 0.6308098407 0.6246026734 0.6180916426 0.6115429764
	 0.6089481048 0.6150125344 0.6215036825 0.6284215491 0.6350654125 0.6420951699 0.6495417783 0.6574052378 0.6656855482 0.6743827097 0.6834967222 0.6930275857 0.7029753001 0.7133398657 0.7241212822 0.7354374752 0.7477542233 0.7602536854 0.773055852 0.7866312615 0.8006926779 0.8151330458 0.8300272621 0.845472557 0.8614625463 0.8780043028 0.8951715832 0.9125986511 0.9302855063 0.9482272974 0.9663879483 0.9847762078 0.999999941 0.9999996894 0.9999995613 0.9999995565 0.9999996752 0.9999998297 0.9999999691 0.9845316577 0.9660279539 0.9479032515 0.9301575503 0.9127908504 0.8958031517 0.8791769947 0.8629152143 0.8470257838 0.8315087031 0.8163639724 0.8019416335 0.7878825587 0.7745257332 0.7620073634 0.7498989637 0.7382005341 0.7269120746 0.7160335852 0.7055650658 0.6955065166 0.6858579375 0.6766193285 0.6677906895 0.6593720207 0.6513633219 0.6437645933 0.6365758347 0.6297970463 0.6234282279 0.6174693796 0.6118625357
	 0.6065471819 0.6122413352 0.618362207 0.6249097974 0.6318841062 0.6392851336 0.6467449 0.6546086823 0.6628893155 0.6715867997 0.680701135 0.6902323212 0.7001803585 0.7105452468 0.7216041248 0.7331159006 0.7449978478 0.7572458449 0.7699743659 0.7833115688 0.7972574535 0.8118596276 0.8269908204 0.8424129668 0.8584525074 0.8753738248 0.8925544689 0.9100359044 0.9279245432 0.9462203855 0.9649234313 0.9840336804 0.9999999469 0.9999997276 0.9999996318 0.9999996268 0.9999996683 0.9999997793 0.9999999597 0.9842735541 0.9653436377 0.9468284341 0.9287279432 0.9110303672 0.8936211528 0.8765739214 0.859888673 0.8435654077 0.8277543732 0.8127521499 0.7983886257 0.7845139852 0.7709316731 0.7583256566 0.7463137804 0.7347118742 0.7235199382 0.7127379723 0.7023659765 0.6924039507 0.6828518951 0.6737098095 0.6649776941 0.6566555487 0.6487433735 0.6412411683 0.6341489333 0.6274666683 0.6211943734 0.6153320487 0.609879694
	 0.6025633693 0.6078872464 0.613637842 0.619815156 0.6264191886 0.6334499397 0.6409074093 0.6487915974 0.6570731991 0.6657710061 0.6748856642 0.6844171732 0.6943671798 0.7047038118 0.7154106153 0.7264875901 0.7379347364 0.7497520542 0.7623477371 0.7756112943 0.7894835334 0.8039298645 0.8188690943 0.834903599 0.8520255431 0.8686802604 0.8861278353 0.9045168536 0.9236960764 0.9431805944 0.9630005732 0.9831995398 0.999999942 0.9999996867 0.9999996145 0.9999996117 0.9999996783 0.9999998144 0.9999999704 0.9830742217 0.9629287915 0.9432607093 0.9241239662 0.9057638171 0.8877071435 0.870068824 0.8529748066 0.8365112166 0.8203964034 0.8050386156 0.7905929707 0.7769069561 0.763294843 0.7501248727 0.7374597658 0.7260419427 0.7151375262 0.7046430798 0.6945586035 0.6848840973 0.6756195612 0.6667649951 0.6583203992 0.6502857734 0.6426611176 0.635446432 0.6286417165 0.622246971 0.6162621957 0.6106873904 0.6054890575
	 0.5969966672 0.601950268 0.6073305874 0.6131376252 0.6193713815 0.6260318563 0.6331190497 0.6406329615 0.6485735919 0.6569409408 0.6660433883 0.6752048765 0.6847365362 0.6946383673 0.7049103699 0.7155525438 0.7265648892 0.7379474061 0.7501759655 0.7633658772 0.7770014351 0.7909114752 0.8057920551 0.8218850851 0.8393610938 0.8574331793 0.8762690728 0.8961649453 0.9167129098 0.9380537319 0.9601874117 0.9821734465 0.9999999966 0.999999917 0.9999998237 0.9999997828 0.9999997871 0.9999998501 0.9999999716 0.9812322104 0.9590879887 0.937717949 0.9171509565 0.8973155341 0.8781217835 0.859541483 0.8413885796 0.8241601177 0.8078437988 0.7924396227 0.7779835847 0.7644268991 0.7514618473 0.7390470761 0.7271371684 0.7157321241 0.7048319433 0.6945987862 0.6848018294 0.6754148427 0.6664378261 0.6578707796 0.6497137032 0.6419665969 0.6346294606 0.6277022945 0.6211850985 0.6150778726 0.6093806167 0.6040930947 0.5991326965
	 0.589987903 0.5944304001 0.5994404432 0.6048772048 0.6107406848 0.6170308834 0.6237478005 0.6308914361 0.6384617902 0.6461174253 0.6541124608 0.662513268 0.6713198468 0.6805321975 0.6901503198 0.7003107617 0.7108883062 0.7218360221 0.7334590512 0.7462110923 0.7590919429 0.7727469474 0.7875144049 0.8037204703 0.8210631051 0.8395499757 0.8592840682 0.8801118294 0.9020332594 0.9250483581 0.9492079184 0.9759582265 0.9999999823 0.9999999215 0.999999821 0.9999997791 0.9999997958 0.999999871 0.9999999854 0.9787395068 0.9530227856 0.9278505053 0.9043247049 0.8824453843 0.8620654857 0.8426321042 0.8242615746 0.8068969844 0.7905279996 0.7752093168 0.7608514208 0.7476494504 0.7354573979 0.7237801849 0.7126178114 0.7019685603 0.6918235787 0.6821834605 0.6730482058 0.6639961869 0.6553066899 0.6470271629 0.639157606 0.6316980192 0.6246484025 0.6180087559 0.6117790794 0.605959373 0.6005647598 0.5957530382 0.5914363243
	 0.5813816244 0.5853276427 0.5899674095 0.5950338948 0.6005270986 0.6064470209 0.6127936617 0.6190818884 0.6255883536 0.6325005905 0.6398185991 0.6475423794 0.6556719314 0.6642072552 0.6731483507 0.6824952179 0.6922478568 0.7019949354 0.7112411129 0.7232713635 0.7354866336 0.7490445585 0.7635661274 0.7788749137 0.7950250475 0.8120165286 0.8322876581 0.8542503397 0.877405468 0.8991081018 0.9271907148 0.9627068358 0.9999999936 0.999999958 0.9999999223 0.9999998526 0.9999998407 0.9999999072 0.9999999836 0.9706866872 0.9382035998 0.9085556126 0.8799232628 0.8543323732 0.8342494921 0.8159416023 0.7986389438 0.7823415164 0.7670493202 0.7522470632 0.7386593088 0.7262422822 0.714993902 0.7041039338 0.6937288051 0.6838685159 0.6745230663 0.6656924562 0.6573540739 0.6494788819 0.6421085533 0.634234145 0.6266521077 0.6194800404 0.6127179432 0.6063658161 0.6004236591 0.5949040527 0.5903640496 0.5864929583 0.5826323928
	 0.5711501334 0.5746419957 0.5789114862 0.5836076953 0.5887306228 0.5937129724 0.5987308673 0.6041545339 0.6099839723 0.6162191823 0.6228601641 0.6299069176 0.6373594427 0.6452177397 0.6531608447 0.6609209116 0.6687951155 0.6768038244 0.6849470382 0.6952706687 0.7061513404 0.71758298 0.7298574435 0.7429461474 0.7569539545 0.7721883271 0.7916990802 0.8071568334 0.8291677234 0.8574595962 0.8827248048 0.908846099 0.9316723689 0.9368478824 0.9417820267 0.9445068677 0.9461373914 0.9422882159 0.9402275177 0.9192397322 0.8820264227 0.8515887233 0.8286983792 0.8106918931 0.7938080704 0.776969061 0.7613724734 0.7468488298 0.7333981302 0.7209566564 0.7092922074 0.6986804186 0.6890067578 0.6796066248 0.6704800196 0.6616269424 0.6530473929 0.6447413714 0.6371633663 0.63014968 0.6236508333 0.6176183882 0.6120129857 0.6053126604 0.5988380828 0.5927734752 0.5871188377 0.5830205996 0.5794889232 0.575872448 0.5723365226
	 0.55929343 0.5625028702 0.5662726734 0.5700106774 0.573540002 0.5774750984 0.5818144231 0.5865166076 0.5915636463 0.5969555391 0.6027358394 0.6087169916 0.6148548039 0.6211492765 0.6276004092 0.6342082021 0.6409726552 0.6479029189 0.6555293049 0.6641702245 0.6729234846 0.6818964066 0.6914121475 0.7017654296 0.7129562529 0.7244356374 0.738500567 0.751687376 0.7637846036 0.7730999613 0.7822280025 0.7920633113 0.8038558555 0.8180478051 0.8236983901 0.8263359351 0.8264862027 0.8246263491 0.82103894 0.8141350095 0.7975150296 0.7806668606 0.7705943017 0.7588442318 0.7452032727 0.7318784412 0.7188697373 0.7064895791 0.6954344238 0.6853968657 0.6758564019 0.6669958477 0.6587645761 0.6508068322 0.6431226162 0.6357119281 0.6285747678 0.6217111354 0.6151210308 0.6088044541 0.6027614053 0.5969918843 0.5914958911 0.5864929429 0.5827615031 0.5772317331 0.5735891531 0.5702643813 0.5670201592 0.563856487 0.5607733646
	 0.5456065627 0.5484190842 0.5505493297 0.5529787209 0.5557529662 0.5588720657 0.5628151321 0.5669275232 0.5711965745 0.575622286 0.5802046577 0.5849436895 0.5898393816 0.5948917337 0.6001007461 0.6054664186 0.6110377938 0.6167814576 0.6230611964 0.6296564962 0.6363497275 0.6431973894 0.650237509 0.657830885 0.6658191865 0.6751853016 0.6838124183 0.6914839768 0.6981999772 0.7039604195 0.7088880004 0.713843874 0.7187845528 0.724613093 0.7291979175 0.7325041294 0.7338297894 0.7334830798 0.7304861537 0.7244969284 0.7159773013 0.711141195 0.7081582139 0.6988290834 0.6896327228 0.6805079716 0.6712706754 0.6623495068 0.6537444658 0.6458232691 0.6383924995 0.6311885696 0.6243996871 0.6178843324 0.6116425056 0.6057189598 0.6000606997 0.5946669965 0.5895378501 0.5846947125 0.5801467687 0.5758864241 0.5719136786 0.5682285323 0.5639383512 0.5597697847 0.5574728627 0.555291107 0.5531272686 0.550573238 0.5479429186
	 0.5300601522 0.5313117528 0.5333987228 0.5356423529 0.5380426431 0.5405995936 0.5433132042 0.546183475 0.549210406 0.5523939971 0.5557342484 0.5592311599 0.5628847315 0.5666949634 0.5705928682 0.5745271621 0.5786118304 0.5828456596 0.5872198588 0.5917365784 0.5963958186 0.6011503194 0.6060974389 0.6109818836 0.6160775516 0.6209854046 0.6255877355 0.6298845442 0.6338758308 0.6375615952 0.6409782448 0.6440985229 0.6473673012 0.6518606403 0.6551282512 0.657170134 0.6579862887 0.6575767152 0.6559414137 0.6530281869 0.6494262845 0.6451094015 0.6402013096 0.6348532822 0.6295462403 0.6242729571 0.6190048332 0.6137418685 0.608484063 0.6032314167 0.5982480282 0.5931947007 0.5879546914 0.5830022814 0.5783374704 0.5739602586 0.5698706459 0.5660686324 0.562554218 0.5593274027 0.5563881866 0.5533844227 0.550264141 0.5472570196 0.5442875412 0.5412795162 0.5390429076 0.5374672793 0.5358449922 0.5342006666 0.5325950146
	 0.5128119966 0.5144824667 0.5159314929 0.5171778439 0.518546827 0.5200384422 0.5216526896 0.5233895691 0.5252490808 0.5272312247 0.5293360007 0.5315794026 0.5339708013 0.5361402999 0.5385984836 0.541172742 0.5438630749 0.5464205994 0.5489937259 0.5517568454 0.5546019714 0.5574170838 0.5602723352 0.5633026013 0.5665509927 0.5694785592 0.5720191698 0.5743972277 0.5766127331 0.5786656858 0.5805243133 0.5818873104 0.5829593083 0.5844309605 0.5867396308 0.5886189812 0.5896198028 0.5897420954 0.5889858591 0.5873510939 0.5847016027 0.5820554484 0.5795240659 0.5769649306 0.5742557039 0.5713200475 0.5683895503 0.5654642124 0.5625182522 0.5595654919 0.5566061336 0.5536422285 0.5506737766 0.5475094192 0.5444533359 0.5416848517 0.5392039666 0.5370106807 0.5350560904 0.5331158291 0.5312107822 0.5293420271 0.5276101832 0.5258397929 0.5240308561 0.5221833727 0.5204183629 0.5195104787 0.518555936 0.5175547345 0.5165068744
	 0.4962573411 0.4964812643 0.4974337501 0.4982781064 0.4986512463 0.4990215302 0.4995144463 0.5001299945 0.5008681749 0.5017289874 0.5027124321 0.5038185089 0.5049681313 0.5060529886 0.5070976845 0.5081022189 0.5091962525 0.5101015359 0.5111250436 0.5121185376 0.5130820179 0.5140154845 0.5149189375 0.5158411182 0.5168623947 0.5179403949 0.5188558424 0.5196087374 0.5201990798 0.5206268695 0.5208921067 0.5213565717 0.5219759006 0.5225076057 0.523079067 0.5236810822 0.5243028239 0.5249551613 0.5248771686 0.523920647 0.5224261258 0.5217178367 0.5210195452 0.5202802527 0.5194999592 0.5186553101 0.5177583594 0.516813152 0.5158719291 0.5148947395 0.5139177326 0.5129729636 0.512025179 0.5110728476 0.5100960147 0.5089362582 0.5081721108 0.5074470842 0.5067572719 0.506102674 0.5055305979 0.5049978422 0.5044265399 0.5038166911 0.5031682959 0.5024813541 0.5017558659 0.5013590885 0.50107229 0.5007388328 0.5003587169
	 0.48049928 0.479480841 0.4794848855 0.4793808006 0.4791685864 0.4788482429 0.4782353185 0.4777295354 0.4773463845 0.4770858657 0.476947979 0.4769327245 0.4767020307 0.4764253417 0.4761084913 0.4757514794 0.4751594769 0.4744501781 0.4736450181 0.472743997 0.4717471145 0.4707798768 0.469801684 0.4688332283 0.4679637093 0.4671471284 0.4663164492 0.4654492329 0.4647174328 0.4640542215 0.46347771 0.4629878982 0.4625461685 0.4619941645 0.4614896083 0.4610324998 0.4606228391 0.4602727658 0.459979876 0.4615393049 0.4622308014 0.4624745295 0.4631777945 0.4641316652 0.4651462853 0.466221655 0.4673577742 0.4685014136 0.4694652595 0.4704325298 0.4713999827 0.4723676183 0.4732516768 0.4739381358 0.4747489808 0.4757507826 0.4766484751 0.4774420585 0.4780731203 0.4787536641 0.4794199964 0.4800477822 0.4806370215 0.4811877143 0.4816998607 0.4821734605 0.4826085139 0.4830131086 0.4833940543 0.4837283413 0.4840159697
	 0.4658692998 0.4639813627 0.4626045015 0.4614842738 0.4603236184 0.4590548337 0.4576779195 0.4561881918 0.4546837096 0.4533018595 0.4520426415 0.4507243519 0.449126278 0.4474880427 0.4458096459 0.443595532 0.4412826852 0.4388739772 0.436369408 0.4337689775 0.4311095606 0.4282354614 0.425028967 0.4214900773 0.4182002128 0.4152116271 0.4125722656 0.4102821284 0.4083412153 0.4066054487 0.4049032793 0.4032771734 0.4016811792 0.399941642 0.398231083 0.3964683172 0.3956580872 0.3958003929 0.3968476148 0.3983789007 0.4005984251 0.402971779 0.4054702072 0.4080937097 0.4108715174 0.4138244628 0.4169523851 0.4201256398 0.4232164231 0.4261408545 0.4289621942 0.4317703016 0.4345522735 0.4373298257 0.4400863568 0.4426678219 0.4450469609 0.4472237736 0.4492111756 0.4513766414 0.453361671 0.4551662644 0.4567904217 0.4582341427 0.4596255504 0.4612596918 0.4628552868 0.4644123352 0.4655212288 0.4665232601 0.4674786327
	 0.4520115064 0.4497265827 0.447611187 0.4453163011 0.4428419251 0.4402622035 0.4379368481 0.4355033635 0.4329617494 0.4303769688 0.4279964195 0.4252004933 0.4222408731 0.4191663098 0.4153457762 0.4114293814 0.4076123466 0.4039043673 0.3998639926 0.3954912227 0.3907860574 0.385717057 0.3802666572 0.3744591053 0.3684772896 0.3629993688 0.3579768405 0.3534097047 0.3492979613 0.3456207692 0.3426576533 0.3401863582 0.3373017135 0.3321728943 0.3288452424 0.3272489701 0.3267520294 0.3272222535 0.3287788863 0.3312096919 0.3352207245 0.3397234137 0.3443511771 0.3490374373 0.354066798 0.3601585135 0.3666625525 0.3721433196 0.3777846998 0.382959622 0.3878395284 0.3926820479 0.3974717145 0.4019471865 0.4062203322 0.4102911518 0.4141596452 0.4178258124 0.4213665001 0.4248747764 0.4282026167 0.4313500207 0.4343169885 0.4370985107 0.4396107895 0.4419225502 0.4440337927 0.4459326448 0.4476124714 0.4492609217 0.4508642427
	 0.4386562413 0.435859373 0.4330054427 0.4299720223 0.4267591118 0.4233667111 0.4197948203 0.4160434394 0.4123245746 0.40872639 0.4049835264 0.400560289 0.3960793133 0.3915734059 0.386699151 0.3814925009 0.3759534554 0.3701134673 0.3639662659 0.3574619122 0.3506004065 0.3433817486 0.3358059387 0.3278729766 0.3195937228 0.3115031624 0.3038919591 0.2966402386 0.289732307 0.2831173863 0.2764553706 0.2701337272 0.2637021754 0.2566068615 0.2515816782 0.2486266255 0.2477417034 0.2498717919 0.2540439633 0.2605692982 0.2651474408 0.271698595 0.279604864 0.2884062523 0.298437902 0.3080533382 0.317103472 0.3255900302 0.333677574 0.3412986597 0.3484532874 0.3552875224 0.3615932343 0.3675633606 0.3734136344 0.3790376687 0.3844354635 0.3895630246 0.3944476172 0.3991316916 0.4036152479 0.407898286 0.411980806 0.4158628078 0.4195337579 0.4229104436 0.4259873856 0.428764584 0.431165952 0.4334194106 0.4356277399
	 0.4258035042 0.4223797335 0.4187872687 0.4150153138 0.4110638687 0.4069329335 0.4026225082 0.3981325927 0.3934631871 0.3886142914 0.3834634828 0.3783495687 0.3727428118 0.3666331067 0.3600120221 0.3529930465 0.3456031515 0.337842337 0.3297106031 0.3212079497 0.3123343769 0.3030898847 0.293474473 0.2834881419 0.2769570985 0.2672390817 0.2541851493 0.2391785561 0.2244208644 0.2099120741 0.1956521852 0.1832837739 0.1730294382 0.1633069895 0.1569108749 0.1534106182 0.1529866107 0.1556388523 0.1613673431 0.1735699923 0.1891285002 0.2041795823 0.2188431901 0.2323240145 0.2447071144 0.2576379273 0.2698001501 0.2812186528 0.2918640757 0.3018676824 0.3113427902 0.3202893993 0.3285271227 0.3362544486 0.3437555351 0.3509838198 0.3574386535 0.3636929691 0.3697467665 0.3756000458 0.3812528069 0.3866973036 0.3918584902 0.3967199331 0.4012816324 0.405543588 0.409596321 0.4133522884 0.4165458157 0.4194087705 0.422173729
	 0.4134391735 0.4092876643 0.404956665 0.4004461755 0.3957561959 0.3908867262 0.3858647562 0.3806795603 0.3752651213 0.3696214391 0.3637485137 0.357641923 0.3511126533 0.3440804353 0.336545269 0.3285071544 0.3198478218 0.3106850983 0.3010282354 0.2908772331 0.2802320914 0.2690928102 0.2580820983 0.2481731642 0.2350307482 0.2186548504 0.1990454709 0.1762026095 0.1501262663 0.1209329935 0.093274476 0.06543697074 0.04137917963 0.03841062339 0.03571246812 0.03372458806 0.03235457562 0.03586392743 0.03755469897 0.0591400983 0.09576724931 0.1297420243 0.1580935878 0.18076985 0.1976375233 0.2108250823 0.226130383 0.2406515844 0.2540143307 0.2660961457 0.2776485429 0.2887201712 0.2992633008 0.3088611982 0.3173316744 0.3251562311 0.3327802697 0.3402037901 0.3474232818 0.3545267768 0.361632244 0.3683324194 0.3746273028 0.3805168943 0.3860011939 0.3910802015 0.3957539172 0.400022341 0.4038666356 0.40712765 0.4102906681
	 0.4014732091 0.3965831653 0.391616328 0.386757236 0.381668901 0.3763513227 0.3708045013 0.3650284367 0.359023129 0.3527885782 0.3463247841 0.339631747 0.3322968962 0.3243421653 0.3158844862 0.3069238587 0.297460283 0.2874315013 0.2763894948 0.2648533489 0.2528230636 0.2395045441 0.2254908621 0.2129719665 0.1992745398 0.1824411458 0.1624717846 0.139366456 0.1131251601 0.0837478969 0.05419069071 0.02432502337 9.964722554e-06 9.885044007e-06 1.000819712e-05 1.003776298e-05 1.010838342e-05 1.00370552e-05 9.999734728e-06 0.0266396294 0.05801354347 0.08714802745 0.1140430813 0.1386987051 0.1608254348 0.1777802737 0.1924282247 0.2079797528 0.2226290134 0.2363760064 0.2493209804 0.262045717 0.2742775289 0.2849009465 0.2942911859 0.3036765288 0.3127419763 0.3218856227 0.330440803 0.3384640186 0.3460819423 0.353294574 0.3601019139 0.3665039618 0.3725007178 0.3780921818 0.383278354 0.3880592342 0.3924348224 0.3962541354 0.3998152132
	 0.3909024546 0.3859859133 0.3809937977 0.3757048036 0.3701189309 0.3642361798 0.3580565502 0.3516685527 0.3450723763 0.3382469568 0.3311922942 0.3239083883 0.3162955404 0.3074182967 0.2980381047 0.2881549644 0.2777688758 0.266940086 0.2557179066 0.2432970392 0.2302197084 0.2164620696 0.2020241227 0.1869058677 0.1711085267 0.15409506 0.135812141 0.1162597698 0.09543794647 0.0733466709 0.04803033092 0.02081552464 9.947197331e-06 9.963781221e-06 1.003536377e-05 1.008670731e-05 1.009907236e-05 1.007245892e-05 1.000952933e-05 0.02195345839 0.04643951299 0.06965002004 0.09174322164 0.112718114 0.1325746971 0.1512942196 0.1688735965 0.1852007564 0.2003752669 0.2147250317 0.2287485163 0.2420850167 0.2547106214 0.2662199139 0.2768829073 0.2870637401 0.2968324575 0.3062173476 0.3152184102 0.3237681009 0.331898481 0.3396235692 0.3469433655 0.3538578698 0.3603670822 0.3664710027 0.3721696312 0.3774629678 0.3823510125 0.3867882267 0.390747364
	 0.3827966371 0.3777952514 0.3725534001 0.3670710832 0.3613483006 0.3553941227 0.3491917989 0.342548841 0.335360358 0.3278064759 0.3198871947 0.3116025144 0.3029426459 0.2938101033 0.2841829097 0.2738837387 0.263076713 0.251823965 0.2398653389 0.2271237611 0.2137421242 0.1997367189 0.1850554598 0.1696938926 0.1536520173 0.13712882 0.1198712961 0.1013332905 0.08186307089 0.06157119127 0.04045765159 0.01852245186 1.005992982e-05 1.030246493e-05 1.039763572e-05 1.036095364e-05 1.029003305e-05 1.018013398e-05 1.003125642e-05 0.01770783623 0.03885320884 0.05946473373 0.07937952942 0.09839443097 0.1167106912 0.1346646607 0.151668404 0.1677622528 0.1832336303 0.1981303805 0.21238324 0.2259491154 0.2388280066 0.2510199138 0.2623073861 0.2727927209 0.282917394 0.2926310731 0.3019337582 0.3108254495 0.3193061468 0.3273951403 0.3351516576 0.3425786183 0.3496002871 0.356216664 0.362427749 0.368233542 0.3736340431 0.3786292523 0.3830871208
	 0.3768855488 0.3718114491 0.3664968837 0.3609418527 0.355146356 0.3491103938 0.3421270745 0.3345126384 0.3267118596 0.3189293851 0.3107815115 0.3022682388 0.293354885 0.2839493295 0.274049123 0.2636542654 0.2527647568 0.2412234649 0.228945126 0.2161370688 0.2026970326 0.1886250176 0.1739210237 0.1586582227 0.1428084889 0.1261453386 0.1089882448 0.0913619213 0.07326636802 0.05470158498 0.0356675722 0.01630535076 1.003429162e-05 1.020658858e-05 1.043681911e-05 1.055645459e-05 1.052872575e-05 1.035363261e-05 1.004369955e-05 0.01595942261 0.03514188899 0.05398573328 0.07248803581 0.09056061283 0.1078893004 0.1248932833 0.1412731204 0.1570428412 0.1722024456 0.1867519336 0.2006947258 0.2140240893 0.2269153956 0.2393326078 0.2511055183 0.2621863803 0.2725567398 0.2825161054 0.2920644771 0.3012018548 0.3099282386 0.3182436285 0.3261480245 0.3336414266 0.3408365062 0.347715115 0.3542447058 0.3604252786 0.3662839143 0.3717915799 0.3768344834
	 0.3731691897 0.3680223759 0.3626350964 0.3570073514 0.3511391407 0.3450304643 0.3381367198 0.3307376891 0.3228862491 0.3145823999 0.3058261413 0.2969680763 0.2877841589 0.2781055905 0.2679323711 0.2572645006 0.2461019791 0.2343754224 0.2219956282 0.209086393 0.195653082 0.1817361793 0.16718876 0.1520802825 0.1364267297 0.1203224031 0.1037425128 0.08668705878 0.06915604101 0.05143505831 0.03343048009 0.01514082605 1.007157663e-05 1.040772863e-05 1.069627613e-05 1.093721912e-05 1.082065469e-05 1.05316002e-05 1.00951814e-05 0.01501932455 0.03305727259 0.05072102012 0.06816775788 0.08544127575 0.1024678859 0.1191969788 0.135437437 0.1510429097 0.1660382661 0.1804235062 0.1941986299 0.2073862555 0.2199866558 0.2320551411 0.2437820326 0.2550084275 0.2657933457 0.2758663302 0.2856603883 0.2950434525 0.3040155229 0.3125765992 0.3207266817 0.3284657702 0.3357938648 0.3427109655 0.3492170723 0.3555073353 0.361525951 0.3671955488 0.3725699677
	 0.3716439337 0.3664280318 0.3609680383 0.3552675792 0.3493266544 0.3431428179 0.3364116021 0.3292279769 0.3215919424 0.3135034987 0.3049626456 0.2956844373 0.2860037813 0.2762160529 0.2658326539 0.2548917705 0.243456236 0.2315799621 0.2192688592 0.2064283153 0.1929019617 0.1788172764 0.1643179472 0.1493342766 0.1338314221 0.1179596152 0.1015880884 0.08478189162 0.06769061903 0.05031427063 0.0326597688 0.01480906902 1.007578496e-05 1.041882649e-05 1.049879019e-05 1.04682497e-05 1.03901047e-05 1.02643552e-05 1.006179239e-05 0.01462505212 0.03217341325 0.04954468222 0.06673885902 0.08375594364 0.1004867981 0.1169138136 0.1329816378 0.1484411238 0.1633463408 0.1776606889 0.1914696941 0.2047560072 0.2175043536 0.2297505755 0.2417452648 0.2531181731 0.2639758574 0.2743183179 0.2838956648 0.2931102482 0.3019644705 0.3104583319 0.3185918322 0.3263649716 0.3337777499 0.3408301672 0.3475222236 0.3538539189 0.3598252532 0.3664231927 0.3719148987
	 0.3722920654 0.3670284169 0.3614957094 0.3557225362 0.3497088974 0.3434675318 0.3369517214 0.3299835017 0.3225628728 0.3146898345 0.3063168257 0.2973136694 0.2877608879 0.2776584813 0.2672132019 0.2562394965 0.2447203928 0.2327676224 0.2203996548 0.2074930115 0.1940476925 0.1800636976 0.1654712582 0.150359826 0.1348072898 0.1188561023 0.1024723985 0.0856771924 0.06853508551 0.05105456038 0.03324295577 0.0151002717 1.0050591e-05 1.030071157e-05 1.050322763e-05 1.056602704e-05 1.042792479e-05 1.025203827e-05 1.003836748e-05 0.01503427455 0.03309625649 0.05082711611 0.06822685342 0.0852954684 0.1019618984 0.1182753177 0.1342541677 0.1497347405 0.1646773467 0.1790766343 0.1929535921 0.2063321391 0.2192773503 0.2318343624 0.2436726734 0.2549172051 0.265646513 0.2758605969 0.2855594569 0.2946644447 0.3033854727 0.3117461397 0.3197464456 0.3273863906 0.3346659745 0.3415851975 0.3486681828 0.3555854463 0.3621003052 0.3682978225 0.3743567273
	
END
startXY xlist 71	
	-1.5	-1.457142857	-1.414285714	-1.371428571	-1.328571429
	-1.285714286	-1.242857143	-1.2	-1.157142857	-1.114285714
	-1.071428571	-1.028571429	-0.9857142857	-0.9428571429	-0.9
	-0.8571428571	-0.8142857143	-0.7714285714	-0.7285714286	-0.6857142857
	-0.6428571429	-0.6	-0.5571428571	-0.5142857143	-0.4714285714
	-0.4285714286	-0.3857142857	-0.3428571429	-0.3	-0.2571428571
	-0.2142857143	-0.1714285714	-0.1285714286	-0.08571428571	-0.04285714286
	  0	0.04285714286	0.08571428571	0.1285714286	0.1714285714
	0.2142857143	0.2571428571	0.3	0.3428571429	0.3857142857
	0.4285714286	0.4714285714	0.5142857143	0.5571428571	0.6
	0.6428571429	0.6857142857	0.7285714286	0.7714285714	0.8142857143
	0.8571428571	0.9	0.9428571429	0.9857142857	1.028571429
	1.071428571	1.114285714	1.157142857	1.2	1.242857143
	1.285714286	1.328571429	1.371428571	1.414285714	1.457142857
	1.5	
END
startXY ylist 71	
	-0.5	-0.4842857143	-0.4685714286	-0.4528571429	-0.4371428571
	-0.4214285714	-0.4057142857	-0.39	-0.3742857143	-0.3585714286
	-0.3428571429	-0.3271428571	-0.3114285714	-0.2957142857	-0.28
	-0.2642857143	-0.2485714286	-0.2328571429	-0.2171428571	-0.2014285714
	-0.1857142857	-0.17	-0.1542857143	-0.1385714286	-0.1228571429
	-0.1071428571	-0.09142857143	-0.07571428571	-0.06	-0.04428571429
	-0.02857142857	-0.01285714286	0.002857142857	0.01857142857	0.03428571429
	0.05	0.06571428571	0.08142857143	0.09714285714	0.1128571429
	0.1285714286	0.1442857143	0.16	0.1757142857	0.1914285714
	0.2071428571	0.2228571429	0.2385714286	0.2542857143	0.27
	0.2857142857	0.3014285714	0.3171428571	0.3328571429	0.3485714286
	0.3642857143	0.38	0.3957142857	0.4114285714	0.4271428571
	0.4428571429	0.4585714286	0.4742857143	0.49	0.5057142857
	0.5214285714	0.5371428571	0.5528571429	0.5685714286	0.5842857143
	0.6	
END
